,User,Tweet,Time,url
0,letmecryyy_,mimpi dk jadi guru les bahasa inggris,2022-09-15 20:50:27+00:00,http://twitter.com/download/iphone
1,Idang_Walmiki,"@denjufri @BOLATIME1 @m_t_hidayat @riamiliaputri @detikcom @detik_jatim Emang gua guru Inggris di MA om. ğŸ˜percaya gak percaya bukan urusan gua, yg penting murid gua sekrang dah pada ngarti 16 tenses ama public speaking.",2022-09-15 17:16:43+00:00,http://twitter.com/download/android
2,bbykoooo_,"@noirkitkat beneeeee kaaa. kata guru bhs inggris aku dulu di smp juga gitu,kalo mau belajar bahasa inggris dengerin lagu lagu yg berbahasa inggris aja,sama nyatet lirik lagunyağŸ˜‚",2022-09-15 16:50:46+00:00,http://twitter.com/download/android
3,teajusenakkk,cuman guru bahasa inggris doang yg nanyain â€œhow are you today?â€,2022-09-15 16:30:10+00:00,http://twitter.com/download/iphone
4,ccahyeol,"Tugas elite, materi sulit
Sapa lagi kalo ga guru bhs inggris w, alias tgsnya banyak bgt coggğŸ˜­ğŸ‘",2022-09-15 15:52:11+00:00,http://twitter.com/download/android
5,jmencintai,"enih guru Inggris ngasih tugas kaya gapernah ngasih tugas nying, minimal manusiawi",2022-09-15 15:16:25+00:00,http://twitter.com/download/android
6,GuruPrivatMaros,Butuh Guru Privat BAHASA INGGRIS ? Silahkan Hubungi GuruPrivatMaros Telp/WA : 085242353833 PIN BB : 55178187,2022-09-15 15:16:08+00:00,http://twittbot.net/
7,fluttershyis,kayak apa ya idk how to solve this problem tp tiap uh sasing nilai aku selalu bagus tp kalau bahasa inggris tuh not good enough ??!!!!?!?? ini permasalahan nya ada di aku atau di guru nya ya,2022-09-15 14:44:21+00:00,http://twitter.com/download/android
8,Utamadityayoga,"@mumpungadjie @ulyanisaa_ @stillshanee @phobiaangka13 @MonashcI39 @Ghozali292 @Haisa_HS di suruh buka - buka buku catatan sekolah setau ane di sekolah dulu gak ada tuh di kamus KBBI kata ""Kapslock""
di catatan yang ada kata ""Capslock"" itu terdapat di dalam Bahasa Inggris jika di terjemahkan ke dalam Bahasa Indonesia artinya ""Huruf Kapital"" apa Guru ane yang salah https://t.co/MF82mriseR",2022-09-15 13:48:32+00:00,http://twitter.com/download/android
9,din8o,"@dinoshoelace @thejeon_ halo magenta, aku ini bakal jadi guru b. inggris loh 3 tahunan lagi, les ke aku aja ya gratis kok ğŸ¥°",2022-09-15 12:56:15+00:00,http://twitter.com/download/android
10,maryana20894172,"@UnivTerbuka @gusaagus Min, saya berencana daftar Pascasarjana magister pendidikan bahasa Inggris.

saya guru bimbel, dan setelah saya coba isi formulir pendaftaran, ada opsi utk mengisi SK institusi sementara bimbel saya belum memiliki sk.
itu bagaimana ya solusi nya min ğŸ™ğŸ»",2022-09-15 12:53:51+00:00,http://twitter.com/download/android
11,maryana20894172,"@UnivTerbuka Min saya berencana daftar Pascasarjana Magister pendidikan bahasa inggris, saya guru bimbel dan bimbel saya belum memiliki sk bagaimana solusi nya min?

Sementara saat mengisi formulir pendaftaran pascasarjana, ada pilihan melampirkan SK institusi",2022-09-15 12:45:53+00:00,http://twitter.com/download/android
12,meywuh,"@schfess Guru b. Inggris, kmaren malah bukannya bahas materi, kita jdi bahas ttg jurigğŸ˜‡ yh walopun seru sih wjwjwj",2022-09-15 12:26:51+00:00,http://twitter.com/download/android
13,gajelasloe_,"Kak, mau private english gak? Kebetulan saya guru bahasa inggris https://t.co/gT3Uif6op2",2022-09-15 12:26:01+00:00,http://twitter.com/download/android
14,1st_MM,#MMFact Mrs.Tina adalah anak kandung dari Pak Pras. Masing2 adalah guru bahasa inggris kelas 10 dan 12.,2022-09-15 12:16:57+00:00,http://twittbot.net/
15,n444yeon,"@tanyakanrl iya itu guru lm inggris, inggris wajib, b sunda",2022-09-15 11:52:47+00:00,http://twitter.com/download/android
16,epyepoyzz,"Serius deh, demand guru di international school buat local tuh tinggi tapi rata2 pada gabisa bhs inggris jd gagal pas microteaching.
Kurikulum luar jg udah banyak resourcesnya di internet, free lagi. 
Feel free kalo mau tanya2 dm. 
#guruberhakdigajilayak",2022-09-15 11:35:54+00:00,http://twitter.com/download/android
17,x1oneitgirl,"@shooheix i'll come to the rescue! ğŸ¥° yukk sama aku lulusan sastra inggris top 5 ptn + guru bimbel dijamin nilai baguss, PG start 2k/soal, short essay 4k/soal, long essay start 10k/soal",2022-09-15 11:28:04+00:00,http://twitter.com/download/android
18,epyepoyzz,"Buat yg lg kuliah pendidikan dan gamau jd guru honorer, bhs inggris is a must biar bsa apply ke international school. Belajar kurikulum luar minimal Cambridge dan IB. Sumbernya BUANYAK di internet, cari! Plis adaptif sama perubahan kurikulum dan mau belajar dr 0. https://t.co/5oio4RdJ1j",2022-09-15 11:27:55+00:00,http://twitter.com/download/android
19,tandakrenik,"@outer_cosmo ã…¤
ã…¤
Adya, 1993.
Guru bahasa inggris yang punya hobi balet. Salam kenal, mbak Nadia.
ã…¤
ã…¤",2022-09-15 11:24:21+00:00,http://twitter.com/download/android
20,gypsopehila,@convomf mentag guru bahasa inggris q @jinsohm,2022-09-15 11:15:57+00:00,http://twitter.com/download/android
21,denjufri,"@Idang_Walmiki @BOLATIME1 @m_t_hidayat @riamiliaputri @detikcom @detik_jatim Bro jangan jadi sok guru bahasa inggris dadakan ahh, bikin malu aja ğŸ˜‚",2022-09-15 11:06:03+00:00,http://twitter.com/download/android
22,folkwhore__,itâ€™s â€œngapain masuk sastra inggris emang mau jadi guruâ€ from people i know until they need someone to translate or check grammar or ask how to write a paper,2022-09-15 10:52:48+00:00,http://twitter.com/download/iphone
23,tandakrenik,"ã…¤
ã…¤
Halo! Saya Adya, guru bahasa inggris. Kalau kamu, namanya siapa?
ã…¤
ã…¤ https://t.co/I4cj5dFo4v",2022-09-15 10:44:15+00:00,http://twitter.com/download/android
24,mgududr,cm guru bahasa inggris doang yang nanya â€œhow are you todayâ€,2022-09-15 10:31:58+00:00,http://twitter.com/download/iphone
25,xstarsssx,@worksfess FKIP bhs inggris udah resign jadi guru skrg lagi bisnis fnb,2022-09-15 08:50:27+00:00,http://twitter.com/download/android
26,marthamnrg,mabok gw ini diajari guru bhs inggris kek goni,2022-09-15 08:25:45+00:00,http://twitter.com/download/iphone
27,szadness,PERTAMA KALINYA TUGAS GUE GAK DIROASTING GURU B. INGGRIS,2022-09-15 08:09:53+00:00,http://twitter.com/download/android
28,itsasinna_n,"Tapi kan guru juga sebelum jadi guru adalah siswa. Terus nih pas kuliah pun calon guru juga belajar banyak mata kuliah misalnya guru bahasa Inggris pun tetap belajar Ilmu Alamiah Dasar (ini IPA), tetap belajar Matematika Dasar, English For business, Filsafat dll kok ğŸ¥ºğŸ¥º https://t.co/lKMU05XmjT",2022-09-15 07:38:41+00:00,http://twitter.com/download/android
29,httpshruby,"bangsat gua di paksa ikut lomba b.inggris sama guru indo, mana udh ditulis lagi",2022-09-15 07:37:44+00:00,http://twitter.com/download/android
30,x1oneitgirl,"@Jokitugsfess i'll come to the rescue! ğŸ¥° yukk sama aku lulusan sastra inggris top 5 ptn + guru bimbel dijamin nilai baguss, PG start 2k/soal, short essay 4k/soal, long essay start 10k/soal",2022-09-15 07:37:34+00:00,http://twitter.com/download/android
31,SangAjier,@MeganeHunter_ @secgron itu hecker dek bukan guru bahasa inggris,2022-09-15 06:57:07+00:00,http://twitter.com/download/android
32,ch_elsyy,pelajaran b Indo yg nunggu guru b InggrisğŸ™‚ğŸ™‚ https://t.co/szIJd0rKIw,2022-09-15 06:56:13+00:00,http://twitter.com/download/android
33,Nvjtsy_Hp_choco,"#nthpstory
Hi guys aku mau cerita, hari ini aku kena marah guru huhuğŸ˜­ aku dimarahin madam soalnya aku ngerjain b Inggris  di jam mtk
Pingin menghilang [cry]",2022-09-15 06:47:43+00:00,http://twitter.com/download/android
34,MrSoviettt,@MeganeHunter_ @secgron Guru b.inggris gua pun yg dari iowa grammer mirip dia,2022-09-15 06:22:54+00:00,http://twitter.com/download/android
35,x1oneitgirl,"@nkimmingyu i'll come to the rescue! ğŸ¥° yukk sama aku lulusan sastra inggris top 5 ptn + guru bimbel dijamin nilai baguss, PG start 2k/soal, short essay 4k/soal, long essay start 10k/soal",2022-09-15 05:31:12+00:00,http://twitter.com/download/android
36,donthavefriend_,"Perasaan selama aku hidup cuma guru bahasa Inggris yg pernah tanya gini ""how are today? """,2022-09-15 05:06:57+00:00,http://twitter.com/download/android
37,nwhpoetri,Seumur2 kyknya cuma guru bahasa inggris yg pernah nanyain â€œhow are you todayâ€,2022-09-15 04:28:17+00:00,http://twitter.com/download/iphone
38,ryeohe,"GANTI GURU INGGRIS MINAT BS GAKSI ANJRITTTT KALO GINI CARANYA NILAI W YG TADINYA 93, SEM 5 BS JADI 87 ğŸ¤£ğŸ¤£ğŸ¤£ğŸ¤£ğŸ¤£ğŸ¤£ LAWAKKKK LOOOOOOOOOOO",2022-09-15 03:54:15+00:00,http://twitter.com/download/android
39,FulbrightID,"Kesepakatan ini membuka jalan bagi dosen ğŸ‡ºğŸ‡¸ mengajar di univ di ğŸ‡®ğŸ‡© (U.S. Fulbright Scholars), &amp; mahasiswa ğŸ‡ºğŸ‡¸ mengajar bhs Inggris di sekolah menengah ğŸ‡®ğŸ‡©bersama guru bhs Inggris Indonesia(U.S. Fulbright Student English Teaching Assistants) &amp; program Fulbright lainnya utk warga ğŸ‡®ğŸ‡©.",2022-09-15 03:34:50+00:00,https://mobile.twitter.com
40,x1oneitgirl,@Jokitugsfess i'll come to the rescue! ğŸ¥° yukk sama aku lulusan sastra inggris top 5 ptn + guru bimbel dijamin nilai baguss,2022-09-15 03:30:55+00:00,http://twitter.com/download/android
41,tandakrenik,"@outer_cosmo ã…¤
ã…¤
Halo! Saya Adya, guru bahasa inggris. Kalau boleh tahu, kamu mengajar tari apa?
ã…¤
ã…¤",2022-09-15 03:19:21+00:00,http://twitter.com/download/android
42,tenoismoko,tapipak bjorka kan hacker .. bukan guru bahasa inggris https://t.co/N9hIMsB9xw,2022-09-15 02:45:01+00:00,https://mobile.twitter.com
43,dumpmeowww,tekanan batin sama guru bahasa Inggris kontollllll ngentottttt anjing pepek kontol anjing,2022-09-15 02:11:59+00:00,http://twitter.com/download/android
44,ConanThing,jodie starling pernah menjadi guru bahasa inggris di SMU teitan.,2022-09-15 01:18:50+00:00,http://twittbot.net/
45,ibnuardie,"Dulu belajar materi ini di SD. 
Dan ada jokes guru bahas inggris waktu itu, 
kalo jam rusak ? o'clock o'clock ğŸ˜­ğŸ˜­ğŸ˜­ğŸ˜­

jokes bapack-bapack emang yee https://t.co/IzKvhJ0pyw",2022-09-15 01:07:33+00:00,http://twitter.com/download/iphone
46,diantaesaa,@pakantono konon katanya guru les bahasa inggris beliau adalah londo kampung,2022-09-15 00:17:41+00:00,http://twitter.com/download/iphone
47,restioktav23,"ğŸ‘§: adek
ğŸ‘§: teh tadi kan aku ada pelajaran b.inggris trs disuruh baca conversetion. Aku bacanya headache (hedeik), trs kata guru ku salah yg bener (hid echi) 

Gue langsung ngikik, geli sendiri. YaAllah hid echi ceunahhh ğŸ˜‚ğŸ˜‚ğŸ˜‚",2022-09-14 23:35:31+00:00,http://twitter.com/download/android
48,winteovibe,guru inggris gue perempuan semua wkwkwk tapi guru inggris sd gue CANTIK BANGET WOEYYY WKWKWK https://t.co/3KknBI8e62,2022-09-14 23:00:34+00:00,http://twitter.com/download/android
49,sepombopppp,@blablabla536x Bjorka bukan guru bahasa inggris kak,2022-09-14 22:28:05+00:00,http://twitter.com/download/iphone
50,GuruPrivatMaros,Butuh Guru Privat BAHASA INGGRIS ? Silahkan Hubungi GuruPrivatMaros Telp/WA : 085242353833 PIN BB : 55178187,2022-09-14 19:16:06+00:00,http://twittbot.net/
51,bagoeshk,ternyata selama ini cuma guru bahasa inggris yg bilang â€œhow are u today?â€,2022-09-14 17:38:13+00:00,http://twitter.com/download/iphone
52,Andialim007,"*di kelas* bu, mau tanya bhs indonesianya ""i dont know"" apa? | saya tidak tau | kok nggak tau bu? katanya guru b.inggris | -_-",2022-09-14 17:36:58+00:00,http://twittbot.net/
53,davikah2ss,"@camila7ss Hello, darling. Hm, Tentang apa? Singkatnya bercerita mengenai seorang guru satra inggris, deh. But things that make the movie more interesting itu terdapat beberapa scene yang menyindir pemikiran-pemikiran orthodox dan aturan kolot tahun 1950-an.",2022-09-14 16:18:56+00:00,https://mobile.twitter.com
54,DimasWi28217776,"Seumur hidup baru pernah di tanya ""how are you today"" cuma Ama guru B.Inggris doang",2022-09-14 15:44:34+00:00,http://twitter.com/download/android
55,hambaAllahRt26,"Ibu vevi vemiawati , guru bahasa Inggris , wangi bener . Kalo lewat orangnya gak ada , baunya masih ada ğŸ˜ https://t.co/DQRTXDa0i3",2022-09-14 15:43:08+00:00,http://twitter.com/download/android
56,sendymatsumoto,"@dont_sal @Bjorkanisma_ @aniesbaswedan Guru BHS Inggris keknya, kak... kehkehkeh..",2022-09-14 15:27:14+00:00,https://mobile.twitter.com
57,cIingiy,"pak hardi, soalnya dia guru bahasa inggris + penanggung jawab ekskul basa jepang yg gue ikutin dulu. cara ngajarnya enak, orangnya humble + lucu, suka nyelipin nilai kemanusiaan juga. https://t.co/YwSQcfe5OV",2022-09-14 15:01:15+00:00,http://twitter.com/download/iphone
58,ZaaraObelia,Madam sri guru bahasa inggris wkwkwkwkwkkw https://t.co/X4iAwBWjlx,2022-09-14 14:57:52+00:00,http://twitter.com/download/android
59,ardxxr,@convomf guru Inggris kalian ganteng ga?,2022-09-14 14:51:34+00:00,http://twitter.com/download/android
60,x1oneitgirl,"@Jokitugsfess i'll come to the rescue! ğŸ¥° yukk sama aku lulusan sastra inggris top 5 ptn + guru bimbel dijamin nilai baguss, PG start 2k/soal, short essay 4k/soal, long essay start 10k/soal",2022-09-14 14:48:23+00:00,http://twitter.com/download/android
61,naisswy,seumur umur kayanya cuma guru bhs inggris yang pernah nanyain â€œhow are you today?â€,2022-09-14 14:40:42+00:00,http://twitter.com/download/iphone
62,x1oneitgirl,"@Jokitugsfess i'll come to the rescue! ğŸ¥° yukk sama aku lulusan sastra inggris top 5 ptn + guru bimbel dijamin nilai baguss, PG start 2k/soal, short essay 4k/soal, long essay start 10k/soal",2022-09-14 14:08:00+00:00,http://twitter.com/download/android
63,x1oneitgirl,"@yeonbiln i'll come to the rescue! ğŸ¥° yukk sama aku lulusan sastra inggris top 5 ptn + suka banget sejarahh + guru bimbel dijamin nilai baguss, PG start 2k/soal, short essay 4k/soal, long essay start 10k/soal",2022-09-14 14:04:00+00:00,http://twitter.com/download/android
64,x1oneitgirl,"@Jokitugsfess i'll come to the rescue! ğŸ¥° yukk sama aku lulusan sastra inggris top 5 ptn + guru bimbel dijamin nilai baguss, PG start 2k/soal, short essay 4k/soal, long essay start 10k/soal",2022-09-14 13:58:24+00:00,http://twitter.com/download/android
65,tonysIark,"@cantrelateto Halo kak Helen, maaf mengganggu
Aku lg butuh voluntir utk mengisi gform tentang guru bhs inggris utk tugasku, kebetulan aku lihat salah satu tweet kakak yang katanya guru bahasa inggris, klo kakak berkenan, mohon isi ya kak 

https://t.co/bTinj5pNwt
terimakasih sebelumnya, kak ğŸ™",2022-09-14 13:13:16+00:00,http://twitter.com/download/android
66,duniawiabsurd,"seumur-umur kayanya cuma guru bahasa inggris yang pernah nanya ""how are you today""",2022-09-14 12:55:05+00:00,http://twitter.com/download/android
67,beomtoyi,"tadi waktu b inggris sm guru ppl magang nerangin, also my teacher sit beside him, and heâ€™s talk to the teacher speak with english lucu bgt pls aw aw",2022-09-14 12:43:37+00:00,http://twitter.com/download/iphone
68,mearklie,Helppp ada yg guru bahasa inggris gaa????,2022-09-14 12:39:41+00:00,http://twitter.com/download/android
69,mtmonamour,@mahearsena @gabseknath kak sena lo dulu waktu sekolah gak pernah dikeluarin guru bahasa inggris atau sastra inggris ya basing lo bagus bangett gua sampe insekyurr jadi apa apa harus gua trangslet dulu keren banget tiap bahasa indonesia di mix sama basing ğŸ˜–,2022-09-14 11:48:24+00:00,http://twitter.com/download/iphone
70,sseoorivv,pertama kali nya dalam seumur hidup gw ga minat pelajaran bahasa inggris karna guru pengajar nya,2022-09-14 11:40:36+00:00,http://twitter.com/download/android
71,Dzlfhmi_,"@Annisayatika4 @mks_fess Not delicious body masih okelah langsung ji di tangkap kalau lagi tdk enak badan na na maksud tpi itu enter wind, masuk angin aduhhh pening kepala guru bahasa Inggris mu liat ini nder.",2022-09-14 11:08:07+00:00,http://twitter.com/download/android
72,wannabeverlast,Beneran guru bahasa inggris https://t.co/gMMxx9GhnE,2022-09-14 10:13:39+00:00,http://twitter.com/download/android
73,x1oneitgirl,"@Jokitugsfess i'll come to the rescue! ğŸ¥° yukk sama aku lulusan sastra inggris top 5 ptn + guru bimbel dijamin nilai baguss, PG start 2k/soal, short essay 4k/soal, long essay start 10k/soal",2022-09-14 09:44:25+00:00,http://twitter.com/download/android
74,kevinadisya,"Tahun 2012 IDR 500k/6 minggu jadi guru les Bahasa Inggris SMP di Cikarang

Tahun 2022 GBP 1,5k/minggu jadi Manager Southend United di FM https://t.co/PLLM8cUZzz",2022-09-14 09:29:57+00:00,http://twitter.com/download/iphone
75,sipalingpena,"seumur-umur kayaknya cuman guru bahasa inggris yang pernah nanya
""how are you today""",2022-09-14 08:49:22+00:00,http://twitter.com/download/iphone
76,disnaker_babel,"info Loker Guru Bahasa Inggris-YPK Air Kenanga-Sungailiat Bangka

#disnakerbabel
#disnakerpemprovkepbabel
#blkpemprovbabel
#blkdisnakerpemprovkepbabel
#dinastenagakerjababel
#blkbangka #blkbabel

Sumber informasi: https://t.co/fbpwoZzyA6 https://t.co/qIWTZL6hEk",2022-09-14 08:41:47+00:00,http://twitter.com/download/iphone
77,vousmelumi,"Another day nanganin anak kesurupan lg ngajar di rombel kls 7 smpai dicari2 osis, dan knp ga nyari guru cowo dlu loh dik. Ak guru inggris apa dkun sie https://t.co/SmhdammGX4",2022-09-14 08:30:21+00:00,http://twitter.com/download/android
78,shina_mashiro09,"baru kali ini gw terkaget dan terheran2, ada guru les bukan lulusan S1 ngajar lulusan S1 trus nyindir2 'keliatan kampungan S1 salah baca bhs inggris', njir.. mulutnyaaaa... gw yg sesama S1 aja kaga pernah keknya bacot bgtu depan org lain :)",2022-09-14 07:57:04+00:00,http://twitter.com/download/android
79,Heeno_0o0,"@tanyakanrl aku sih suka b.inggris tp guru ny kaya knotol
jadinya kemaren abis di kempesin ban nya",2022-09-14 07:27:42+00:00,http://twitter.com/download/android
80,x1oneitgirl,"@Jokitugsfess i'll come to the rescue! ğŸ¥° yukk sama aku lulusan sastra inggris top 5 ptn + guru bimbel dijamin nilai baguss, PG start 2k/soal, short essay 4k/soal, long essay start 10k/soal",2022-09-14 07:14:58+00:00,http://twitter.com/download/android
81,ieunhahw,@Askrlfess Di cium guru bahasa Inggris,2022-09-14 06:48:22+00:00,http://twitter.com/download/android
82,ALansandreas,"Kata guru bhs Inggris gue, klo gagal berusaha mencoba dan mengejar. Try and try https://t.co/MTJ4647IX6",2022-09-14 06:47:29+00:00,http://twitter.com/download/android
83,meowzarts,"pernah nih pas smp sama guru b.inggris gara-gara waktu praktek telling story aku nyeritain harry potter and the deathly hallows, terus habis itu kita kayak best friend kebetulan ibunya masih muda waktu itu alias belum menikah ğŸ˜­ https://t.co/1eGs7Tjqol",2022-09-14 06:30:49+00:00,http://twitter.com/download/android
84,jockeyinaja,"@Jokitugsfess Hii there ğŸ™‡ğŸ»â€â™‚ï¸ğŸ™†ğŸ»â€â™‚ï¸
Mau kursus Bhs Inggris? Tenang, ada Mr. Wahyu Guru &amp; Tutor Bhs Inggris terpercaya berpengalaman di Kampus Mengajar. Lulusan Pend. Bhs Inggris dengan score TOEFL 570

Start 200ribu/4x pertemuan (minimal)
Belajar Bhs Inggris barenf Mr. Wahyu https://t.co/HgHFpxPQVW",2022-09-14 06:03:12+00:00,http://twitter.com/download/android
85,cz_binance_ZGnw,"@kuasabu2 @HALIMTASADE @nasibungkus2020 Belajar Agama Islam Jgn Otodidak Mas hrs pakai Guru,Ustadz,Kyai,Syeikh..Klo tdk maka tersesat..Apalagi mengambil Terjemahan Bhs.Inggris pdhal Di negara Kita sdh ada Terjemahan Standart Menag.. https://t.co/PB7gD7qrZm",2022-09-14 05:43:52+00:00,https://mobile.twitter.com
86,jeIokitty,"@convomf sering siiii tp yg plg deket sm guru inggris aku iii dia udh kayak mami aku di sekolah, aku naksir kakel aja ceritanya bkn ke temen tp ke dia HAHAIHSHA",2022-09-14 05:30:33+00:00,https://mobile.twitter.com
87,06hcn_,@convomf pernah guru biologi sama b. inggris,2022-09-14 05:25:09+00:00,http://twitter.com/download/android
88,signomra,"tadi ulangan bahasa inggris trus ada disuruh bikin dialog, orangnya gw kasih nama gw sama nama crush awokwok mana dialognya lucuuu, semoga guru gw ga ketawa",2022-09-14 04:41:29+00:00,http://twitter.com/download/android
89,archetya,"baru tau ternyata guru inggris gw punya personal grudge sama kelas gw, jadinya ga pernah ngajar ğŸ˜ƒğŸ’” https://t.co/ysW7IPnQYb",2022-09-14 04:31:49+00:00,http://twitter.com/download/android
90,tya_2017,@worksfess Jadi guru bahasa inggris di sekolah swasta,2022-09-14 04:30:27+00:00,http://twitter.com/download/android
91,TXTdariHunter,"Hunter! Guys sorryyyyyyy bangetttt oot, tapi aku mau nanya diantara kalian ada yg profesi nya guru bahasa inggris gak ya? klo ada tolong komen ya -terimakasih banyakkğŸ¤",2022-09-14 03:50:01+00:00,https://twitter.com/TXTdariHunter
92,zpt_ken,"@worksfess gaji pertama dari kerjaan pertama bantu guru les b.inggris bocil 56k (karna cuma nemenin supaya bisa ngajar, dari awal d bilang cuma d bayar ongkos karna seminggu 3x, dan 3 hari lainnya gue les d situ :v

gaji sekarang umr lah tapi bukan tenaga pendidik",2022-09-14 03:38:56+00:00,http://twitter.com/download/android
93,englishfess_,"Engask! guys i need help hehe, aku disuruh sama guru aku buat presentasi, topic/temanya bebas gitu. ada ide ga topik di bahasa inggris yang mudah dimengerti audience. TIA [tersenyum]",2022-09-14 03:27:34+00:00,http://itunes.apple.com/us/app/twitter/id409789998?mt=12
94,ditoraurus,"Pak jokowi kenapa nyari kepala atau kementrian itu g kyk nyari PNS? Padahal nyari PNS guru bahasa inggris aja harus bener"" lulusan S1 pendidikan bahasa inggris dan mempunyai akta mengajar lo..",2022-09-14 03:08:12+00:00,http://twitter.com/download/android
95,andy_laode,"@suseno212 @Bjorxanesian apaan dah, kaya begitu aja dikomplain. ente tuh kaya emak2 julid doang. 

yang biasa pake bahasa Inggris ngerti kok dia nulis apaan. ga usah sok2an kaya guru bahasa Inggris yang lagi pansos",2022-09-14 02:59:20+00:00,https://mobile.twitter.com
96,englishfess_,"engask! Ini udah tepat belum ? curhat dikit sender kerkom bahasa Inggris tapi ada org yg ga bantu bahkan dia ga peduli sama sekali soal tugas, jadi sender mau aduin ke guru ğŸ˜ https://t.co/V2tWqHd4sz",2022-09-14 02:55:08+00:00,http://itunes.apple.com/us/app/twitter/id409789998?mt=12
97,defeusl__,@Jokitugsfess Ke Mr. Wahyu aja kak @jockeyinaja dia guru inggris,2022-09-14 02:53:10+00:00,http://twitter.com/download/android
98,x1oneitgirl,"@Jokitugsfess i'll come to the rescue! ğŸ¥° yukk sama aku lulusan sastra inggris top 5 ptn + guru bimbel dijamin nilai baguss, fee tutor bhs inggris online 100k/1,5 jam all in (materi + modul + konsul)",2022-09-14 02:48:02+00:00,http://twitter.com/download/android
99,x1oneitgirl,"@jennosht i'll come to the rescue! ğŸ¥° yukk sama aku lulusan sastra inggris top 5 ptn + guru bimbel dijamin nilai baguss, PG start 2k/soal, short essay 4k/soal, long essay start 10k/soal",2022-09-14 02:39:48+00:00,http://twitter.com/download/android
100,akuanime_00,But guru bahasa inggris disini seru. Mungkin niatnya emang kaya ngelucu tp garing,2022-09-14 02:34:09+00:00,http://twitter.com/download/android
101,x1oneitgirl,"@Jokitugsfess i'll come to the rescue! ğŸ¥° yukk sama aku lulusan sastra inggris top 5 ptn + guru bimbel dijamin nilai baguss + suka banget nonton film ğŸ¥º , fee start 10k/soal",2022-09-14 02:21:06+00:00,http://twitter.com/download/android
102,lunaryskies,"Temanku jadi guru les bahasa Inggris. Kemarin aku kesana, murid-muridnya lucu banget nanyain aku baru dateng, ""Ibu yang ngajar kita hari ini, Bu?""

Antusias belajarnya keren bangetğŸ«¶ğŸ»",2022-09-14 02:16:54+00:00,http://twitter.com/download/iphone
103,hi_mmizu,Ketika guru bahasa Inggris memberikan tugas https://t.co/LGS6TJqadB,2022-09-14 01:49:07+00:00,http://twitter.com/download/android
104,user280908,guru inggris sintinf,2022-09-14 00:36:44+00:00,http://twitter.com/download/android
105,RNau17,"@BakorFess ìˆ˜ì—…ì—ì„œ ì˜ì–´ ì„ ìƒë‹˜ì´ ê¸°ë‹¤ë¦¬ëŠ”ìš”
; Lagi nunggu guru b.inggris dikelas
Bener ga si wkwk",2022-09-14 00:22:19+00:00,https://mobile.twitter.com
106,chuistopher,"Aku udah nyiapin sesuatu buat kamu di akhir acara ini. Semua wish aku, apapun yang aku mau omongin kamu ada disitu ya sayang.

Baca baik2 setiap kata2nya. Kalo gabisa inggris ya salam dah .g kan ada gugel translate? Katanya guru kamu mbah google haha",2022-09-14 00:17:47+00:00,http://twitter.com/download/android
107,GuruPrivatMaros,Butuh Guru Privat BAHASA INGGRIS ? Silahkan Hubungi GuruPrivatMaros Telp/WA : 085242353833 PIN BB : 55178187,2022-09-13 23:16:23+00:00,http://twittbot.net/
108,greacia13,"Cuma guru bahasa inggris 
Yang nanya 'how are you?'",2022-09-13 23:07:57+00:00,http://twitter.com/download/android
109,daydreamer96_,"@delismansyahput @abiridwan2173 Mungkin diknas gak ngasih solusi krn bisa juga belum ada sekolah lain yg kekurangan guru inggris. kalau dimutasi tetep percuma kalau gak ada yg kosong. Kalau mau mutasi di sd juga gak linier,krn gak ada mapel inggris. mesti kuliah lagi pgsd di UT. Tpi sertifikasi tetep bisa.",2022-09-13 16:53:06+00:00,http://twitter.com/download/android
110,jeonstaaarr,@tanyakanrl Waktu aku smp aku gak suka guru bahasa inggris selain pilih kasih tukang nyindir iuh ~ padahal aku suka bahasa inggris ini pas kelas 3 smp sih untung nilai ku masih aman :),2022-09-13 16:49:34+00:00,http://twitter.com/download/android
111,KTHL0VEB0T,malah ya gw dulu sempet lebih suka kimia sm eko dibanding inggris bayangin ğŸ˜ƒ padahal smp suka bgt inggris tp pas sma males nya ğŸ˜ƒ ya itu garaâ€ guru nya kea tai semua ngeselin tot,2022-09-13 15:42:06+00:00,http://twitter.com/download/iphone
112,rumput_ttngga,"Mana guru tiap ngasih tugas bergambar: ""ini digambar yaa. Kalian kan anak dekape harusnya sih pada biasa ngegambar"". à²¥â â€¿â à²¥ Kebayang cok ipas (2 guru), pkn, inggris, dan pastinya kejuruan,  jari+otak+punggung+lengan dipake ngide terooos https://t.co/GfMCkwUSjy",2022-09-13 15:08:07+00:00,http://twitter.com/download/android
113,miaochibana,"@Ari_Boyy SMP ngajar bhs. Inggris, SMA guru BKğŸ˜­ knp selalu ada Bu Sri ya wkwk https://t.co/6YKHuYPBls",2022-09-13 15:00:26+00:00,http://twitter.com/download/android
114,choierpan,"Gw yg sangat amat menjunjung tinggi nilai B Inggris pas kls 11 guru nya gitu jadi, aduh aduhh ğŸ« 

Enakan di ajar Pak Heru",2022-09-13 14:29:45+00:00,http://twitter.com/download/android
115,pppkguru,"@direktoridosen @Guru_CPNS @GuruPPPK @kkgpemda @PNS_Ababil @pnsdaerahjelata @PNS_Garis_Lucu @pejabrut @BetaEpsilonPhi Guru SD selesai karena melimpahkan lulusan Bahasa Inggris ke tingkat atas . ğŸ¤­

Mengadakan observasi di tingkat nepotisme prestis seperti sekolah berbahaya sih .
ğŸ¤­ğŸ¤­ğŸ‘€",2022-09-13 14:28:24+00:00,http://twitter.com/download/android
116,choierpan,"@tanyakanrl Maaf, tapi guru b Inggris sama indo, setiap masuk dan ngajar gw gk ngerti sama sekali apa yg dia ajarin. ğŸ™ğŸ»ğŸ˜”
Ngajar nya tuh berantakan gk beraturan, gk kaya guru lain nya, jadi bingung, materi gk masuk",2022-09-13 14:16:18+00:00,http://twitter.com/download/android
117,x1oneitgirl,"@googieposie i'll come to the rescue! ğŸ¥° yukk sama aku lulusan sastra inggris top 5 ptn + guru bimbel dijamin nilai baguss, PG start 2k/soal, short essay 4k/soal, long essay start 10k/soal",2022-09-13 14:12:40+00:00,http://twitter.com/download/android
118,anotherlikaaaa,"guru inggris ak sering nanya "" How are you today???"" Aku jawabnya ""fine miss"" dahal hari hari ak spt tai kucing",2022-09-13 13:36:41+00:00,http://twitter.com/download/android
119,ADailami_ID,"@imazkyo @pandji Kasian guru bahasa inggris, sok2an make bahasa inggris.",2022-09-13 12:33:45+00:00,https://mobile.twitter.com
120,exogrlluvz,"@englishfess_ sorry oot, ada yg profesi nya guru Inggris gak ya?ğŸ™ğŸ»",2022-09-13 12:28:39+00:00,http://twitter.com/download/android
121,dimaass_121,"Tidak ada yang benar"" peduli dengan keadaan mu kecuali guru bahasa Inggris mu yang selalu bilang ""how are you to day?""",2022-09-13 12:06:58+00:00,http://twitter.com/download/android
122,MatchaaaLatt3,"@subschfess Guru B. Inggris
Guru B. Indonesia
Guru Sejarah",2022-09-13 12:06:02+00:00,http://twitter.com/download/android
123,NgebutMautC84,"Fenomena ini muncul diatas tahun 2010 min, kalo dulu sih dibwh 2010 kalo ada ortu spt itu malah jadi bahan gunjingan wali murid lain &amp; guru. Gw dulu pernah ngajar bahasa Inggris SD u/ kelas 6 &amp; kelas 1 saat masih kuliah dulu (dibayar hy 200rb/blnğŸ˜¢ th 2001) https://t.co/1o0VAw9rEA",2022-09-13 11:57:24+00:00,https://mobile.twitter.com
124,x1oneitgirl,"@simjeakey i'll come to the rescue! ğŸ¥° yukk sama aku lulusan sastra inggris top 5 ptn + guru bimbel dijamin nilai baguss, PG/short answer start 2k/soal, short essay 4k/soal, long essay start 10k/soal",2022-09-13 11:45:48+00:00,http://twitter.com/download/android
125,angelinadeaid,"@bukanbuzzerRp @udahhlewat Saya translator, proofreader, dan guru private Bahasa Inggris berbasis Cambridge Curriculum kak ğŸ˜€",2022-09-13 11:12:48+00:00,https://mobile.twitter.com
126,shownuya,"Setelah gue inget. Bahasa yg gue pernah pelajari/dapet pelajarannya selain B. Inggris adalah: spanyol, jerman, jepang, mandarin 

Dari semuanya, paling gampang Spanyol. Agak masih bisa dikejar Jepang. Jerman sm Mandarin aku agak tolil, untung guru &amp; dosennya baik ğŸ™ğŸ»",2022-09-13 11:10:01+00:00,http://twitter.com/download/android
127,urbigg3stf4n,gua nyontek pas mapel inggris yg jaga guru ekonomi ketauan dikiranya ekonomi gua jg nyontek babi anjeng ngentot dikira semua mapelgua bakal nyontek kali asu,2022-09-13 09:59:56+00:00,http://twitter.com/download/iphone
128,benuaandin,@Arkobumen @MurtadhaOne1 Jdi guru bimbel bahasa inggris,2022-09-13 09:41:03+00:00,http://twitter.com/download/android
129,x1oneitgirl,"@duhpoetry i'll come to the rescue! ğŸ¥° yukk sama aku lulusan sastra inggris top 5 ptn + guru bimbel dijamin nilai baguss, PG/short answer start 2k/soal, short essay 4k/soal, long essay start 10k/soal",2022-09-13 09:33:54+00:00,http://twitter.com/download/android
130,yasyfienly,"Aku pengen jadi guru bahasa Inggris karena itu cita cita ku dari kecil pengen jadi guru dan mencerdaskan generasi bangsa Indonesia, pengen jadi guru agama supaya bermanfaat dunia akhirat, pengen jadi pengusaha sukses supaya bisa membuat lapangan pekerjaan
sekarang aku lagi bingun",2022-09-13 09:18:26+00:00,http://twitter.com/download/android
131,ddonutboy,"woow, ternyata guru lab bahasa inggris gw teume",2022-09-13 08:55:53+00:00,http://twitter.com/download/android
132,ilypacarku,guru sastra inggris ğŸ˜ğŸ¤©ğŸ˜˜ğŸ¤ŸğŸ»ğŸ˜‹ğŸ«¶ğŸ»ğŸ’‹ğŸ¥°ğŸ¥°ğŸ¥°,2022-09-13 08:36:55+00:00,http://twitter.com/download/android
133,fathiyahfikri,"@bene_dion @danieldokter Coba tanya bapak bang, kan guru bahasa InggrisğŸ¤£ğŸ¤£ğŸ¤£",2022-09-13 08:19:49+00:00,http://twitter.com/download/android
134,RhythmOfBenz,"@ArSunantoaris @AzisDadun_ Iya, gua dapet 1 buku, trus malah diminta guru bahasa inggris SMP buat diajarin ke temen"" lain ğŸ˜€",2022-09-13 08:18:51+00:00,http://twitter.com/download/android
135,IchalAfrizal8,Double les B.Inggris sama B.Jawa dengan guru les yg beda dan waktu yg beda membuatku senang :),2022-09-13 08:05:51+00:00,http://twitter.com/download/android
136,BudakGarut__,@Dee_01984 @ResNgawi Pernah pas SMP satu kelas dapat alpa dari guru bahasa Inggris ğŸ¤£ğŸ¤£,2022-09-13 08:05:19+00:00,http://twitter.com/download/android
137,daydreamer96_,"@delismansyahput @abiridwan2173 Biasanya bukannya bisa mengampu di sekolah lain yg guru bhs inggris kurang, ibuku dulu jg gitu sertifikasi harus 24jam ngajar krn kurang alhasil ngampu di smp sebelah bisa banget.",2022-09-13 07:27:50+00:00,http://twitter.com/download/android
138,kerasnyalyfe,pengalaman karir guru inggris ku selama 2 taun berasa sia2 baca si mbak ini ngobrak ngabrik grammar bjorka https://t.co/8gKg51EjkN,2022-09-13 07:26:28+00:00,https://mobile.twitter.com
139,Malikyuuun08,"Ngajar b.indo, soalnya klo guru b.inggris namanya bu draw https://t.co/dwT8BKhthK",2022-09-13 06:58:09+00:00,http://twitter.com/download/android
140,defeusl__,@Jokitugsfess Ini kak @jockeyinaja guru bhs inggris semoga cocok ğŸ’‹,2022-09-13 05:44:21+00:00,http://twitter.com/download/android
141,haejiangel,"aku: mr doain saya yaa biar saya keterima di OSIS
guruu akuu: ah gamau, nanti kamu kalau keterima, nilai kamu turun, terus nanti keluar kelas terus
aku: nggaa dongg, kan nanti di OSIS saya bisa ningkatin bahasa Inggris sayaaa
guru: bener ya? janji
aku: iyaa janji",2022-09-13 05:24:43+00:00,http://twitter.com/download/android
142,razadefrial,@idextratime pelatih prodak inggris biasalah cem guru penjas,2022-09-13 04:53:17+00:00,http://twitter.com/download/android
143,x1oneitgirl,"@condlom i'll come to the rescue! ğŸ¥° yukk sama aku lulusan sastra inggris top 5 ptn + guru bimbel dijamin nilai baguss, PG/short answer start 2k/soal, short essay 4k/soal, long essay start 10k/soal",2022-09-13 04:48:53+00:00,http://twitter.com/download/android
144,depeuhria,@Jokitugsfess Aku saranin ke @jockeyinaja dia spesnya + guru bahasa inggris,2022-09-13 04:31:22+00:00,http://twitter.com/download/android
145,tjkeshi,"jujur ketimbang ngelamar jadi guru bimbel bahasa inggris gue mungkin lebih disebut jadi guru agama kristen, ini gimana ya biar muka gue ada islami nya sedikit",2022-09-13 04:26:34+00:00,http://twitter.com/download/iphone
146,x1oneitgirl,"@Jokitugsfess i'll come to the rescue! ğŸ¥° yukk sama aku lulusan sastra inggris top 5 ptn + guru bimbel dijamin nilai baguss, PG/short answer start 2k/soal, short essay 4k/soal, long essay start 10k/soal",2022-09-13 04:23:46+00:00,http://twitter.com/download/android
147,GuruPrivatMaros,Butuh Guru Privat BAHASA INGGRIS ? Silahkan Hubungi GuruPrivatMaros Telp/WA : 085242353833 PIN BB : 55178187,2022-09-13 03:16:23+00:00,http://twittbot.net/
148,x1oneitgirl,"@aisyahhhhsfns i'll come to the rescue! ğŸ¥° yukk sama aku lulusan sastra inggris top 5 ptn + guru bimbel dijamin nilai baguss, suka banget sama sejarah juga, PG/short answer start 2k/soal, short essay 4k/soal, long essay start 10k/soal",2022-09-13 03:11:39+00:00,http://twitter.com/download/android
149,tanyakanrl,ğŸ’š halooo disini ada yg jadi guru bahasa Inggris di sekolah? boleh ketuk dmnya ga? terima kasih ğŸ’—,2022-09-13 03:10:00+00:00,http://itunes.apple.com/us/app/twitter/id409789998?mt=12
150,x1oneitgirl,"@kenmabusiness i'll come to the rescue! ğŸ¥° yukk sama aku lulusan sastra inggris top 5 ptn + guru bimbel dijamin nilai baguss, PG/short answer start 2k/soal, short essay 4k/soal, long essay start 10k/soal",2022-09-13 02:37:59+00:00,http://twitter.com/download/android
151,delismansyahput,@abiridwan2173 Saya guru bahasa inggris yang lulus P3K 2021. d sekolah dimana saya lulus sudah ada guru PNS bahasa inggris yang sudah sertifikasi. Dan saya juga sudah sertifikasi. Sementara Sekolah itu rombelnya cuma 3 kelas. Alhasil saya diberikan jam mengajar tdk sesuai SK.,2022-09-13 02:34:08+00:00,http://twitter.com/download/android
152,real__rizaa,@abiridwan2173 Semoga guru yang PG khususnya mapel bahasa inggris dibatam dapat formasi dan ditempatkan semua ya Allah dan semoga kami segera dapat SK ğŸ˜¥ğŸ¤²,2022-09-13 02:30:11+00:00,http://twitter.com/download/android
153,x1oneitgirl,"@pipinyairene i'll come to the rescue! ğŸ¥° yukk sama aku lulusan sastra inggris top 5 ptn + guru bimbel dijamin nilai baguss, feenya tergantung tugasnya kaya gimana ya kak, coba dm detailnya",2022-09-13 02:13:43+00:00,http://twitter.com/download/android
154,minjeon_noora,"@worksfess Ngelamar jadi guru aja nder atau jadi guru les, selain sejarah keahlian kamu apalagi, bisa bahasa Inggris ga? Matematika dasar gitu bisa? Kalau bisa kamu bisa ngajar lebih dari satu matpel, lumayan, coba aja ngelamar ke ruangguru, quipper, gitu2 gapapa freelancer dulu.",2022-09-13 02:00:34+00:00,http://twitter.com/download/android
155,Ronnie_Rusli,"Ucapan guru sekolah adalah cambuk untuk meperbaiki diri bukan menghina.

Akibatbya skrg menjadi ""Reviewer"" buat publikasi ilmiah dlm bahasa Inggris negara2 mana saja didunia yg mau mempublikasi hasil penelitian ilmiahnya di jurnal ilmiah internasional rating paling tingi di dunia",2022-09-13 01:54:57+00:00,https://mobile.twitter.com
156,Ronnie_Rusli,"Saya wkt SMA oleh guru bahasa inggris (org Maluku) ddlm kelas, kepala saya dijitak pakai penghapus papan tulis bagian yg empuk krn engga bs mengucapkan kaimat bahasa inggris dng benar, gurunya berkata kpd saya ""Dari muka saja bisa liat muka anak bodo"" Saya gak lupa oleh krn ituğŸ¤£",2022-09-13 01:49:43+00:00,https://mobile.twitter.com
157,hhhhlfm,That's what i thoughtğŸ¤£ bahasanya Bjorka tuh org Indo bgt. Bahasa Indo yg di-Inggris-in bgt kalo kata guru jaman sekolah wkwkwk. One thing for sure sih bukan native English speaker kayanya https://t.co/ekAV9YTR31,2022-09-13 01:48:37+00:00,http://twitter.com/download/android
158,_lepecheur_,"@BukanVerdi @angelinadeaid Nope. Guru bahasa Polandiaku orang Polandia asli. Memang bisa bahasa Inggris, tapi gak terlalu fluent since bahasa yg dipake di sana pake Polish. Hal ini jg banyak terjadi di Eropa Timur kok karena aku jg punya bbrp temen dari sana. Pernyataann ini ga valid hehe.",2022-09-13 01:22:55+00:00,http://twitter.com/download/android
159,AzhraAtira,mana pink banget lagi kaya guru bhsaa Inggris ku https://t.co/oKMNeyjj7h,2022-09-13 00:25:25+00:00,http://twitter.com/download/android
160,delismansyahput,@abiridwan2173 Tdk bisa pindah?  Saya guru bahasa inggris yang lulus P3K 2021. d sekolah dimana saya lulus sudah ada guru PNS bahasa inggris yang sudah sertifikasi. Dan saya juga sudah sertifikasi. Sementara Sekolah itu rombelnya cuma 3 kelas. Alhasil saya diberikan jam mengajar tdk sesuai SK.,2022-09-13 00:11:07+00:00,http://twitter.com/download/android
161,Yanuara90598160,"@Cici86472732 Baru nyampek Bu guru, emang ya Bu guru MTK/B. Inggris &amp; B. Indonesia cantikÂ² yang mengajar khususnya kayak Bu guru nih cantik.",2022-09-12 23:40:59+00:00,http://twitter.com/download/android
162,redikabrian,"dulu, 
cuma guru b.inggris doang 
yang nanya ""how are you today?""",2022-09-12 23:12:47+00:00,http://twitter.com/download/iphone
163,alvito_nasution,@angelinadeaid Guru bahasa Inggris di SD Negri pun bisa tau kalo Englishnya si Bjorka ini rasa ketoprak alias Indonesia banget. Bukan begitu bun @KamusKecil01 ???,2022-09-12 20:37:00+00:00,http://twitter.com/download/android
164,ourprettystuffs,"Yohanes Pongpabia merupakan guru Bahasa Inggris di SMPN 1 Kimak Ilaga. Ia berkisah sejak 2020 hingga 2022, saat kelompok bersenjata melakukan penyerangan, ia dan beberapa rekan guru lainnya masih memilih bertahan untuk mengajar para siswa. https://t.co/AeDgm1zQHL",2022-09-12 16:40:01+00:00,http://twitter.com/download/android
165,cec3ee,"""how are you today"" ucap guru bahasa Inggris",2022-09-12 15:43:26+00:00,http://twitter.com/download/android
166,Ngab_Bob,"Dipikir pikir cuman guru bahasa Inggris yang pernah nanyain ""how are you today?""",2022-09-12 14:24:41+00:00,http://twitter.com/download/android
167,avgdrjc,Perlu guru les bahasa Inggris atau supir gak https://t.co/XlHvwhjN6r,2022-09-12 14:22:54+00:00,http://twitter.com/download/android
168,zidanlaper,"seumur umur kayanya cuma guru bahasa inggris yg pernah nanya ""how are you today?""",2022-09-12 14:11:57+00:00,http://twitter.com/download/android
169,sebuahbadut,"jadi keinget pas SMP guru bahasa Inggris gw ngasih lagu pumped up kicks untuk materi listening lirik sama translasi lirik ğŸ˜­ğŸ’€

Terus ada dimana tuh lagu dinyanyiin sekelasan ğŸ’€",2022-09-12 14:11:21+00:00,http://twitter.com/download/android
170,x1oneitgirl,"@Jokitugsfess i'll come to the rescue! ğŸ¥° yukk sama aku lulusan sastra inggris top 5 ptn + guru bimbel dijamin nilai baguss, PG/short answer start 2k/soal, short essay 4k/soal, long essay start 10k/soal",2022-09-12 13:35:02+00:00,http://twitter.com/download/android
171,__Bungs,Bionya beralamat di polandia lalu posting status seperti guru bahasa inggris kadang pakai bahasa indonesia dan dianggap pahlawan oleh kelompok kadal ğŸ¤£,2022-09-12 13:27:47+00:00,http://twitter.com/download/iphone
172,ndnraaaa,baru pertama kali dipuji guru inggrisğŸ™ğŸ» https://t.co/rU4m5N9rqI,2022-09-12 13:23:23+00:00,http://twitter.com/download/iphone
173,_xykshaaz,"B.inggris, ipa, mtk juga *tapi giaman guru sih w te er https://t.co/wa7VF16u0L",2022-09-12 13:07:28+00:00,http://twitter.com/download/android
174,Itsbataraa,"@wimnteor Wkwkwkwk kasian atuh adenya, cuma guru bhsa Inggris yg selalu nanya gimana harinya ğŸ˜¥ğŸ˜¥",2022-09-12 13:05:28+00:00,http://twitter.com/download/android
175,x1oneitgirl,"@Jokitugsfess i'll come to the rescue! ğŸ¥° yukk sama aku lulusan sastra inggris top 5 ptn + guru bimbel dijamin nilai baguss, PG/short answer start 2k/soal, short essay 4k/soal, long essay start 10k/soal",2022-09-12 12:36:11+00:00,http://twitter.com/download/android
176,tonysIark,Gue mencari guru bahasa Inggris,2022-09-12 12:22:32+00:00,http://twitter.com/download/android
177,tonysIark,Weh jawab sapa di sini yang guru bahasa inggris,2022-09-12 12:19:52+00:00,http://twitter.com/download/android
178,pawangpnda,@kukikeiki Gw udh pernah cerita blm sih emak gw dulu guru bahasa inggris tk,2022-09-12 11:46:06+00:00,http://twitter.com/download/android
179,addittamma,"Rispek bgt ga si sama guru basa inggris, biar cuma formalitas etlis pernah nanya how r u today",2022-09-12 11:23:28+00:00,http://twitter.com/download/iphone
180,mansaereul,"@natanattda Butuh guru les inggris juga gak,,,,,",2022-09-12 10:45:45+00:00,http://twitter.com/download/android
181,sunarinter,@tanyakanrl prnah sama guru bhs inggrisğŸ¤ ,2022-09-12 10:29:52+00:00,http://twitter.com/download/android
182,Circusclownnnn,"Sampai sekarang, selain guru bahasa inggris nggak pernah ada lagi yang nanya gini. â€œHow are you todayâ€",2022-09-12 10:07:44+00:00,http://twitter.com/download/android
183,YanuarAhmadFau1,Seumur-umur kayanya cuman guru bahasa Inggris yang pernah nanya â€œhow are you today?â€,2022-09-12 09:55:18+00:00,http://twitter.com/download/iphone
184,kaxxsy,hari ini guru b Inggris sangatlah awikwok ğŸ˜€ğŸ˜€ğŸ˜€,2022-09-12 09:13:35+00:00,http://twitter.com/download/android
185,bennysiauw89,"Kemarin ini sempat coba latian listening dgn nonton satu series tanpa subtitle English. Ngerasa fail banget karena jadinya cuma ngerti 60% cerita.

Pas akhirnya ngobrol sama temen yang guru Inggris, justru dikasitau bisa jd masalah suara dari series &amp; banyak hal lainnya.",2022-09-12 07:27:00+00:00,http://twitter.com/download/android
186,GuruPrivatMaros,Butuh Guru Privat BAHASA INGGRIS ? Silahkan Hubungi GuruPrivatMaros Telp/WA : 085242353833 PIN BB : 55178187,2022-09-12 07:16:18+00:00,http://twittbot.net/
187,taxzzzy,Baru masuk kelas langsung cemberut dasar guru bhs.inggris,2022-09-12 07:15:13+00:00,http://twitter.com/download/android
188,convomf,ğŸ’™ waktu itu ada tugas speaking dan sender satu satunya yang bener dan lancar dikelas. Tapi yakali cuma karena itu langsung disuruh ikut lomba debat inggris? ya allah allahurobbi ğŸ˜­ guru english gweh gajelas. Aph dia tidak tau ak aj bermodalkan gugle translate ğŸ˜­ğŸ˜­ğŸ˜­ğŸ˜­ğŸ˜­ğŸ˜­ğŸ˜­,2022-09-12 07:00:53+00:00,https://twitter.com/munconvo
189,ChocoMilk5523,Guru inggris nerangin agama trus itu ngebahas sifat setan,2022-09-12 06:28:36+00:00,http://twitter.com/download/android
190,LibrariBooks,"harus â€‹dibimbing oleh â€‹seorang guru. â€‹ Disamping itu, â€‹karena dilengkapi â€‹dengan percakapan â€‹yang menunjang â€‹pemahaman tata â€‹bahasa tersebut, â€‹pembaca akan â€‹menemukan bahwa â€‹buku ini menunjangâ€‹ penguasaan bahasa â€‹Inggris secara â€‹praktis. https://t.co/gszde5ktrd",2022-09-12 05:57:08+00:00,https://mobile.twitter.com
191,LibrariBooks,Buku ini â€‹sangat membantu â€‹pembaca dalam â€‹mempelajari tata â€‹bahasa Inggris â€‹dalam waktu yang â€‹relatif singkat â€‹tanpa harus â€‹dibimbing oleh â€‹seorang guru.,2022-09-12 05:56:22+00:00,https://getchirrapp.com
192,danieellgf,"dialog b inggris sm guru lancar, giliran ketemu bule asli langsung aoao",2022-09-12 05:45:00+00:00,http://twitter.com/download/android
193,hiYano,@otongkoil Wow bisaan maneh. Guru bahasa inggris eta,2022-09-12 05:34:43+00:00,http://twitter.com/download/iphone
194,rniraecle,kevin km harusnya dpt bayaran lebih tau sbg guru les bahasa inggris,2022-09-12 05:22:28+00:00,http://twitter.com/download/android
195,_plunt,kaget gw ketemu guru bahasa Inggris gw di SMPğŸ˜­ğŸ¤ğŸ» mw nyapa tdi seganğŸ˜­ğŸ¤ğŸ»,2022-09-12 04:32:23+00:00,http://twitter.com/download/android
196,castlesungg,@tanyakanrl Ketawa banget anjirrğŸ¤£ pentingnya dengerin guru bhs inggris kalo lagi ngejalasin,2022-09-12 03:41:06+00:00,http://twitter.com/download/android
197,tutuptitip,@mukaiklas seumur-umur kayanya cuma guru bahasa inggris yang hobinya melahirkan teros..,2022-09-12 03:39:46+00:00,https://mobile.twitter.com
198,x1oneitgirl,"@busifess i'll come to the rescue! ğŸ¥° yukk sama aku lulusan sastra inggris top 5 ptn + guru bimbel dijamin nilai baguss, PG/short answer start 2k/soal, short essay 4k/soal, long essay start 10k/soal",2022-09-12 03:14:24+00:00,http://twitter.com/download/android
199,mas2semestertua,"@collegemenfess minat, especially guru bahasa inggris atau ips/sejarah
klo terlepas masalah gaji yağŸ˜",2022-09-12 02:54:37+00:00,http://twitter.com/download/android
200,letmecryyy_,mimpi dk jadi guru les bahasa inggris,2022-09-15 20:50:27+00:00,http://twitter.com/download/iphone
201,Idang_Walmiki,"@denjufri @BOLATIME1 @m_t_hidayat @riamiliaputri @detikcom @detik_jatim Emang gua guru Inggris di MA om. ğŸ˜percaya gak percaya bukan urusan gua, yg penting murid gua sekrang dah pada ngarti 16 tenses ama public speaking.",2022-09-15 17:16:43+00:00,http://twitter.com/download/android
202,bbykoooo_,"@noirkitkat beneeeee kaaa. kata guru bhs inggris aku dulu di smp juga gitu,kalo mau belajar bahasa inggris dengerin lagu lagu yg berbahasa inggris aja,sama nyatet lirik lagunyağŸ˜‚",2022-09-15 16:50:46+00:00,http://twitter.com/download/android
203,teajusenakkk,cuman guru bahasa inggris doang yg nanyain â€œhow are you today?â€,2022-09-15 16:30:10+00:00,http://twitter.com/download/iphone
204,ccahyeol,"Tugas elite, materi sulit
Sapa lagi kalo ga guru bhs inggris w, alias tgsnya banyak bgt coggğŸ˜­ğŸ‘",2022-09-15 15:52:11+00:00,http://twitter.com/download/android
205,jmencintai,"enih guru Inggris ngasih tugas kaya gapernah ngasih tugas nying, minimal manusiawi",2022-09-15 15:16:25+00:00,http://twitter.com/download/android
206,GuruPrivatMaros,Butuh Guru Privat BAHASA INGGRIS ? Silahkan Hubungi GuruPrivatMaros Telp/WA : 085242353833 PIN BB : 55178187,2022-09-15 15:16:08+00:00,http://twittbot.net/
207,fluttershyis,kayak apa ya idk how to solve this problem tp tiap uh sasing nilai aku selalu bagus tp kalau bahasa inggris tuh not good enough ??!!!!?!?? ini permasalahan nya ada di aku atau di guru nya ya,2022-09-15 14:44:21+00:00,http://twitter.com/download/android
208,Utamadityayoga,"@mumpungadjie @ulyanisaa_ @stillshanee @phobiaangka13 @MonashcI39 @Ghozali292 @Haisa_HS di suruh buka - buka buku catatan sekolah setau ane di sekolah dulu gak ada tuh di kamus KBBI kata ""Kapslock""
di catatan yang ada kata ""Capslock"" itu terdapat di dalam Bahasa Inggris jika di terjemahkan ke dalam Bahasa Indonesia artinya ""Huruf Kapital"" apa Guru ane yang salah https://t.co/MF82mriseR",2022-09-15 13:48:32+00:00,http://twitter.com/download/android
209,din8o,"@dinoshoelace @thejeon_ halo magenta, aku ini bakal jadi guru b. inggris loh 3 tahunan lagi, les ke aku aja ya gratis kok ğŸ¥°",2022-09-15 12:56:15+00:00,http://twitter.com/download/android
210,maryana20894172,"@UnivTerbuka @gusaagus Min, saya berencana daftar Pascasarjana magister pendidikan bahasa Inggris.

saya guru bimbel, dan setelah saya coba isi formulir pendaftaran, ada opsi utk mengisi SK institusi sementara bimbel saya belum memiliki sk.
itu bagaimana ya solusi nya min ğŸ™ğŸ»",2022-09-15 12:53:51+00:00,http://twitter.com/download/android
211,maryana20894172,"@UnivTerbuka Min saya berencana daftar Pascasarjana Magister pendidikan bahasa inggris, saya guru bimbel dan bimbel saya belum memiliki sk bagaimana solusi nya min?

Sementara saat mengisi formulir pendaftaran pascasarjana, ada pilihan melampirkan SK institusi",2022-09-15 12:45:53+00:00,http://twitter.com/download/android
212,meywuh,"@schfess Guru b. Inggris, kmaren malah bukannya bahas materi, kita jdi bahas ttg jurigğŸ˜‡ yh walopun seru sih wjwjwj",2022-09-15 12:26:51+00:00,http://twitter.com/download/android
213,gajelasloe_,"Kak, mau private english gak? Kebetulan saya guru bahasa inggris https://t.co/gT3Uif6op2",2022-09-15 12:26:01+00:00,http://twitter.com/download/android
214,1st_MM,#MMFact Mrs.Tina adalah anak kandung dari Pak Pras. Masing2 adalah guru bahasa inggris kelas 10 dan 12.,2022-09-15 12:16:57+00:00,http://twittbot.net/
215,n444yeon,"@tanyakanrl iya itu guru lm inggris, inggris wajib, b sunda",2022-09-15 11:52:47+00:00,http://twitter.com/download/android
216,epyepoyzz,"Serius deh, demand guru di international school buat local tuh tinggi tapi rata2 pada gabisa bhs inggris jd gagal pas microteaching.
Kurikulum luar jg udah banyak resourcesnya di internet, free lagi. 
Feel free kalo mau tanya2 dm. 
#guruberhakdigajilayak",2022-09-15 11:35:54+00:00,http://twitter.com/download/android
217,x1oneitgirl,"@shooheix i'll come to the rescue! ğŸ¥° yukk sama aku lulusan sastra inggris top 5 ptn + guru bimbel dijamin nilai baguss, PG start 2k/soal, short essay 4k/soal, long essay start 10k/soal",2022-09-15 11:28:04+00:00,http://twitter.com/download/android
218,epyepoyzz,"Buat yg lg kuliah pendidikan dan gamau jd guru honorer, bhs inggris is a must biar bsa apply ke international school. Belajar kurikulum luar minimal Cambridge dan IB. Sumbernya BUANYAK di internet, cari! Plis adaptif sama perubahan kurikulum dan mau belajar dr 0. https://t.co/5oio4RdJ1j",2022-09-15 11:27:55+00:00,http://twitter.com/download/android
219,tandakrenik,"@outer_cosmo ã…¤
ã…¤
Adya, 1993.
Guru bahasa inggris yang punya hobi balet. Salam kenal, mbak Nadia.
ã…¤
ã…¤",2022-09-15 11:24:21+00:00,http://twitter.com/download/android
220,gypsopehila,@convomf mentag guru bahasa inggris q @jinsohm,2022-09-15 11:15:57+00:00,http://twitter.com/download/android
221,denjufri,"@Idang_Walmiki @BOLATIME1 @m_t_hidayat @riamiliaputri @detikcom @detik_jatim Bro jangan jadi sok guru bahasa inggris dadakan ahh, bikin malu aja ğŸ˜‚",2022-09-15 11:06:03+00:00,http://twitter.com/download/android
222,folkwhore__,itâ€™s â€œngapain masuk sastra inggris emang mau jadi guruâ€ from people i know until they need someone to translate or check grammar or ask how to write a paper,2022-09-15 10:52:48+00:00,http://twitter.com/download/iphone
223,tandakrenik,"ã…¤
ã…¤
Halo! Saya Adya, guru bahasa inggris. Kalau kamu, namanya siapa?
ã…¤
ã…¤ https://t.co/I4cj5dFo4v",2022-09-15 10:44:15+00:00,http://twitter.com/download/android
224,mgududr,cm guru bahasa inggris doang yang nanya â€œhow are you todayâ€,2022-09-15 10:31:58+00:00,http://twitter.com/download/iphone
225,xstarsssx,@worksfess FKIP bhs inggris udah resign jadi guru skrg lagi bisnis fnb,2022-09-15 08:50:27+00:00,http://twitter.com/download/android
226,marthamnrg,mabok gw ini diajari guru bhs inggris kek goni,2022-09-15 08:25:45+00:00,http://twitter.com/download/iphone
227,szadness,PERTAMA KALINYA TUGAS GUE GAK DIROASTING GURU B. INGGRIS,2022-09-15 08:09:53+00:00,http://twitter.com/download/android
228,itsasinna_n,"Tapi kan guru juga sebelum jadi guru adalah siswa. Terus nih pas kuliah pun calon guru juga belajar banyak mata kuliah misalnya guru bahasa Inggris pun tetap belajar Ilmu Alamiah Dasar (ini IPA), tetap belajar Matematika Dasar, English For business, Filsafat dll kok ğŸ¥ºğŸ¥º https://t.co/lKMU05XmjT",2022-09-15 07:38:41+00:00,http://twitter.com/download/android
229,httpshruby,"bangsat gua di paksa ikut lomba b.inggris sama guru indo, mana udh ditulis lagi",2022-09-15 07:37:44+00:00,http://twitter.com/download/android
230,x1oneitgirl,"@Jokitugsfess i'll come to the rescue! ğŸ¥° yukk sama aku lulusan sastra inggris top 5 ptn + guru bimbel dijamin nilai baguss, PG start 2k/soal, short essay 4k/soal, long essay start 10k/soal",2022-09-15 07:37:34+00:00,http://twitter.com/download/android
231,SangAjier,@MeganeHunter_ @secgron itu hecker dek bukan guru bahasa inggris,2022-09-15 06:57:07+00:00,http://twitter.com/download/android
232,ch_elsyy,pelajaran b Indo yg nunggu guru b InggrisğŸ™‚ğŸ™‚ https://t.co/szIJd0rKIw,2022-09-15 06:56:13+00:00,http://twitter.com/download/android
233,Nvjtsy_Hp_choco,"#nthpstory
Hi guys aku mau cerita, hari ini aku kena marah guru huhuğŸ˜­ aku dimarahin madam soalnya aku ngerjain b Inggris  di jam mtk
Pingin menghilang [cry]",2022-09-15 06:47:43+00:00,http://twitter.com/download/android
234,MrSoviettt,@MeganeHunter_ @secgron Guru b.inggris gua pun yg dari iowa grammer mirip dia,2022-09-15 06:22:54+00:00,http://twitter.com/download/android
235,x1oneitgirl,"@nkimmingyu i'll come to the rescue! ğŸ¥° yukk sama aku lulusan sastra inggris top 5 ptn + guru bimbel dijamin nilai baguss, PG start 2k/soal, short essay 4k/soal, long essay start 10k/soal",2022-09-15 05:31:12+00:00,http://twitter.com/download/android
236,donthavefriend_,"Perasaan selama aku hidup cuma guru bahasa Inggris yg pernah tanya gini ""how are today? """,2022-09-15 05:06:57+00:00,http://twitter.com/download/android
237,nwhpoetri,Seumur2 kyknya cuma guru bahasa inggris yg pernah nanyain â€œhow are you todayâ€,2022-09-15 04:28:17+00:00,http://twitter.com/download/iphone
238,ryeohe,"GANTI GURU INGGRIS MINAT BS GAKSI ANJRITTTT KALO GINI CARANYA NILAI W YG TADINYA 93, SEM 5 BS JADI 87 ğŸ¤£ğŸ¤£ğŸ¤£ğŸ¤£ğŸ¤£ğŸ¤£ LAWAKKKK LOOOOOOOOOOO",2022-09-15 03:54:15+00:00,http://twitter.com/download/android
239,FulbrightID,"Kesepakatan ini membuka jalan bagi dosen ğŸ‡ºğŸ‡¸ mengajar di univ di ğŸ‡®ğŸ‡© (U.S. Fulbright Scholars), &amp; mahasiswa ğŸ‡ºğŸ‡¸ mengajar bhs Inggris di sekolah menengah ğŸ‡®ğŸ‡©bersama guru bhs Inggris Indonesia(U.S. Fulbright Student English Teaching Assistants) &amp; program Fulbright lainnya utk warga ğŸ‡®ğŸ‡©.",2022-09-15 03:34:50+00:00,https://mobile.twitter.com
240,x1oneitgirl,@Jokitugsfess i'll come to the rescue! ğŸ¥° yukk sama aku lulusan sastra inggris top 5 ptn + guru bimbel dijamin nilai baguss,2022-09-15 03:30:55+00:00,http://twitter.com/download/android
241,tandakrenik,"@outer_cosmo ã…¤
ã…¤
Halo! Saya Adya, guru bahasa inggris. Kalau boleh tahu, kamu mengajar tari apa?
ã…¤
ã…¤",2022-09-15 03:19:21+00:00,http://twitter.com/download/android
242,tenoismoko,tapipak bjorka kan hacker .. bukan guru bahasa inggris https://t.co/N9hIMsB9xw,2022-09-15 02:45:01+00:00,https://mobile.twitter.com
243,dumpmeowww,tekanan batin sama guru bahasa Inggris kontollllll ngentottttt anjing pepek kontol anjing,2022-09-15 02:11:59+00:00,http://twitter.com/download/android
244,ConanThing,jodie starling pernah menjadi guru bahasa inggris di SMU teitan.,2022-09-15 01:18:50+00:00,http://twittbot.net/
245,ibnuardie,"Dulu belajar materi ini di SD. 
Dan ada jokes guru bahas inggris waktu itu, 
kalo jam rusak ? o'clock o'clock ğŸ˜­ğŸ˜­ğŸ˜­ğŸ˜­

jokes bapack-bapack emang yee https://t.co/IzKvhJ0pyw",2022-09-15 01:07:33+00:00,http://twitter.com/download/iphone
246,diantaesaa,@pakantono konon katanya guru les bahasa inggris beliau adalah londo kampung,2022-09-15 00:17:41+00:00,http://twitter.com/download/iphone
247,restioktav23,"ğŸ‘§: adek
ğŸ‘§: teh tadi kan aku ada pelajaran b.inggris trs disuruh baca conversetion. Aku bacanya headache (hedeik), trs kata guru ku salah yg bener (hid echi) 

Gue langsung ngikik, geli sendiri. YaAllah hid echi ceunahhh ğŸ˜‚ğŸ˜‚ğŸ˜‚",2022-09-14 23:35:31+00:00,http://twitter.com/download/android
248,winteovibe,guru inggris gue perempuan semua wkwkwk tapi guru inggris sd gue CANTIK BANGET WOEYYY WKWKWK https://t.co/3KknBI8e62,2022-09-14 23:00:34+00:00,http://twitter.com/download/android
249,sepombopppp,@blablabla536x Bjorka bukan guru bahasa inggris kak,2022-09-14 22:28:05+00:00,http://twitter.com/download/iphone
250,GuruPrivatMaros,Butuh Guru Privat BAHASA INGGRIS ? Silahkan Hubungi GuruPrivatMaros Telp/WA : 085242353833 PIN BB : 55178187,2022-09-14 19:16:06+00:00,http://twittbot.net/
251,bagoeshk,ternyata selama ini cuma guru bahasa inggris yg bilang â€œhow are u today?â€,2022-09-14 17:38:13+00:00,http://twitter.com/download/iphone
252,Andialim007,"*di kelas* bu, mau tanya bhs indonesianya ""i dont know"" apa? | saya tidak tau | kok nggak tau bu? katanya guru b.inggris | -_-",2022-09-14 17:36:58+00:00,http://twittbot.net/
253,davikah2ss,"@camila7ss Hello, darling. Hm, Tentang apa? Singkatnya bercerita mengenai seorang guru satra inggris, deh. But things that make the movie more interesting itu terdapat beberapa scene yang menyindir pemikiran-pemikiran orthodox dan aturan kolot tahun 1950-an.",2022-09-14 16:18:56+00:00,https://mobile.twitter.com
254,DimasWi28217776,"Seumur hidup baru pernah di tanya ""how are you today"" cuma Ama guru B.Inggris doang",2022-09-14 15:44:34+00:00,http://twitter.com/download/android
255,hambaAllahRt26,"Ibu vevi vemiawati , guru bahasa Inggris , wangi bener . Kalo lewat orangnya gak ada , baunya masih ada ğŸ˜ https://t.co/DQRTXDa0i3",2022-09-14 15:43:08+00:00,http://twitter.com/download/android
256,sendymatsumoto,"@dont_sal @Bjorkanisma_ @aniesbaswedan Guru BHS Inggris keknya, kak... kehkehkeh..",2022-09-14 15:27:14+00:00,https://mobile.twitter.com
257,cIingiy,"pak hardi, soalnya dia guru bahasa inggris + penanggung jawab ekskul basa jepang yg gue ikutin dulu. cara ngajarnya enak, orangnya humble + lucu, suka nyelipin nilai kemanusiaan juga. https://t.co/YwSQcfe5OV",2022-09-14 15:01:15+00:00,http://twitter.com/download/iphone
258,ZaaraObelia,Madam sri guru bahasa inggris wkwkwkwkwkkw https://t.co/X4iAwBWjlx,2022-09-14 14:57:52+00:00,http://twitter.com/download/android
259,ardxxr,@convomf guru Inggris kalian ganteng ga?,2022-09-14 14:51:34+00:00,http://twitter.com/download/android
260,x1oneitgirl,"@Jokitugsfess i'll come to the rescue! ğŸ¥° yukk sama aku lulusan sastra inggris top 5 ptn + guru bimbel dijamin nilai baguss, PG start 2k/soal, short essay 4k/soal, long essay start 10k/soal",2022-09-14 14:48:23+00:00,http://twitter.com/download/android
261,naisswy,seumur umur kayanya cuma guru bhs inggris yang pernah nanyain â€œhow are you today?â€,2022-09-14 14:40:42+00:00,http://twitter.com/download/iphone
262,x1oneitgirl,"@Jokitugsfess i'll come to the rescue! ğŸ¥° yukk sama aku lulusan sastra inggris top 5 ptn + guru bimbel dijamin nilai baguss, PG start 2k/soal, short essay 4k/soal, long essay start 10k/soal",2022-09-14 14:08:00+00:00,http://twitter.com/download/android
263,x1oneitgirl,"@yeonbiln i'll come to the rescue! ğŸ¥° yukk sama aku lulusan sastra inggris top 5 ptn + suka banget sejarahh + guru bimbel dijamin nilai baguss, PG start 2k/soal, short essay 4k/soal, long essay start 10k/soal",2022-09-14 14:04:00+00:00,http://twitter.com/download/android
264,x1oneitgirl,"@Jokitugsfess i'll come to the rescue! ğŸ¥° yukk sama aku lulusan sastra inggris top 5 ptn + guru bimbel dijamin nilai baguss, PG start 2k/soal, short essay 4k/soal, long essay start 10k/soal",2022-09-14 13:58:24+00:00,http://twitter.com/download/android
265,tonysIark,"@cantrelateto Halo kak Helen, maaf mengganggu
Aku lg butuh voluntir utk mengisi gform tentang guru bhs inggris utk tugasku, kebetulan aku lihat salah satu tweet kakak yang katanya guru bahasa inggris, klo kakak berkenan, mohon isi ya kak 

https://t.co/bTinj5pNwt
terimakasih sebelumnya, kak ğŸ™",2022-09-14 13:13:16+00:00,http://twitter.com/download/android
266,duniawiabsurd,"seumur-umur kayanya cuma guru bahasa inggris yang pernah nanya ""how are you today""",2022-09-14 12:55:05+00:00,http://twitter.com/download/android
267,beomtoyi,"tadi waktu b inggris sm guru ppl magang nerangin, also my teacher sit beside him, and heâ€™s talk to the teacher speak with english lucu bgt pls aw aw",2022-09-14 12:43:37+00:00,http://twitter.com/download/iphone
268,mearklie,Helppp ada yg guru bahasa inggris gaa????,2022-09-14 12:39:41+00:00,http://twitter.com/download/android
269,mtmonamour,@mahearsena @gabseknath kak sena lo dulu waktu sekolah gak pernah dikeluarin guru bahasa inggris atau sastra inggris ya basing lo bagus bangett gua sampe insekyurr jadi apa apa harus gua trangslet dulu keren banget tiap bahasa indonesia di mix sama basing ğŸ˜–,2022-09-14 11:48:24+00:00,http://twitter.com/download/iphone
270,sseoorivv,pertama kali nya dalam seumur hidup gw ga minat pelajaran bahasa inggris karna guru pengajar nya,2022-09-14 11:40:36+00:00,http://twitter.com/download/android
271,Dzlfhmi_,"@Annisayatika4 @mks_fess Not delicious body masih okelah langsung ji di tangkap kalau lagi tdk enak badan na na maksud tpi itu enter wind, masuk angin aduhhh pening kepala guru bahasa Inggris mu liat ini nder.",2022-09-14 11:08:07+00:00,http://twitter.com/download/android
272,wannabeverlast,Beneran guru bahasa inggris https://t.co/gMMxx9GhnE,2022-09-14 10:13:39+00:00,http://twitter.com/download/android
273,x1oneitgirl,"@Jokitugsfess i'll come to the rescue! ğŸ¥° yukk sama aku lulusan sastra inggris top 5 ptn + guru bimbel dijamin nilai baguss, PG start 2k/soal, short essay 4k/soal, long essay start 10k/soal",2022-09-14 09:44:25+00:00,http://twitter.com/download/android
274,kevinadisya,"Tahun 2012 IDR 500k/6 minggu jadi guru les Bahasa Inggris SMP di Cikarang

Tahun 2022 GBP 1,5k/minggu jadi Manager Southend United di FM https://t.co/PLLM8cUZzz",2022-09-14 09:29:57+00:00,http://twitter.com/download/iphone
275,sipalingpena,"seumur-umur kayaknya cuman guru bahasa inggris yang pernah nanya
""how are you today""",2022-09-14 08:49:22+00:00,http://twitter.com/download/iphone
276,disnaker_babel,"info Loker Guru Bahasa Inggris-YPK Air Kenanga-Sungailiat Bangka

#disnakerbabel
#disnakerpemprovkepbabel
#blkpemprovbabel
#blkdisnakerpemprovkepbabel
#dinastenagakerjababel
#blkbangka #blkbabel

Sumber informasi: https://t.co/fbpwoZzyA6 https://t.co/qIWTZL6hEk",2022-09-14 08:41:47+00:00,http://twitter.com/download/iphone
277,vousmelumi,"Another day nanganin anak kesurupan lg ngajar di rombel kls 7 smpai dicari2 osis, dan knp ga nyari guru cowo dlu loh dik. Ak guru inggris apa dkun sie https://t.co/SmhdammGX4",2022-09-14 08:30:21+00:00,http://twitter.com/download/android
278,shina_mashiro09,"baru kali ini gw terkaget dan terheran2, ada guru les bukan lulusan S1 ngajar lulusan S1 trus nyindir2 'keliatan kampungan S1 salah baca bhs inggris', njir.. mulutnyaaaa... gw yg sesama S1 aja kaga pernah keknya bacot bgtu depan org lain :)",2022-09-14 07:57:04+00:00,http://twitter.com/download/android
279,Heeno_0o0,"@tanyakanrl aku sih suka b.inggris tp guru ny kaya knotol
jadinya kemaren abis di kempesin ban nya",2022-09-14 07:27:42+00:00,http://twitter.com/download/android
280,x1oneitgirl,"@Jokitugsfess i'll come to the rescue! ğŸ¥° yukk sama aku lulusan sastra inggris top 5 ptn + guru bimbel dijamin nilai baguss, PG start 2k/soal, short essay 4k/soal, long essay start 10k/soal",2022-09-14 07:14:58+00:00,http://twitter.com/download/android
281,ieunhahw,@Askrlfess Di cium guru bahasa Inggris,2022-09-14 06:48:22+00:00,http://twitter.com/download/android
282,ALansandreas,"Kata guru bhs Inggris gue, klo gagal berusaha mencoba dan mengejar. Try and try https://t.co/MTJ4647IX6",2022-09-14 06:47:29+00:00,http://twitter.com/download/android
283,meowzarts,"pernah nih pas smp sama guru b.inggris gara-gara waktu praktek telling story aku nyeritain harry potter and the deathly hallows, terus habis itu kita kayak best friend kebetulan ibunya masih muda waktu itu alias belum menikah ğŸ˜­ https://t.co/1eGs7Tjqol",2022-09-14 06:30:49+00:00,http://twitter.com/download/android
284,jockeyinaja,"@Jokitugsfess Hii there ğŸ™‡ğŸ»â€â™‚ï¸ğŸ™†ğŸ»â€â™‚ï¸
Mau kursus Bhs Inggris? Tenang, ada Mr. Wahyu Guru &amp; Tutor Bhs Inggris terpercaya berpengalaman di Kampus Mengajar. Lulusan Pend. Bhs Inggris dengan score TOEFL 570

Start 200ribu/4x pertemuan (minimal)
Belajar Bhs Inggris barenf Mr. Wahyu https://t.co/HgHFpxPQVW",2022-09-14 06:03:12+00:00,http://twitter.com/download/android
285,cz_binance_ZGnw,"@kuasabu2 @HALIMTASADE @nasibungkus2020 Belajar Agama Islam Jgn Otodidak Mas hrs pakai Guru,Ustadz,Kyai,Syeikh..Klo tdk maka tersesat..Apalagi mengambil Terjemahan Bhs.Inggris pdhal Di negara Kita sdh ada Terjemahan Standart Menag.. https://t.co/PB7gD7qrZm",2022-09-14 05:43:52+00:00,https://mobile.twitter.com
286,jeIokitty,"@convomf sering siiii tp yg plg deket sm guru inggris aku iii dia udh kayak mami aku di sekolah, aku naksir kakel aja ceritanya bkn ke temen tp ke dia HAHAIHSHA",2022-09-14 05:30:33+00:00,https://mobile.twitter.com
287,06hcn_,@convomf pernah guru biologi sama b. inggris,2022-09-14 05:25:09+00:00,http://twitter.com/download/android
288,signomra,"tadi ulangan bahasa inggris trus ada disuruh bikin dialog, orangnya gw kasih nama gw sama nama crush awokwok mana dialognya lucuuu, semoga guru gw ga ketawa",2022-09-14 04:41:29+00:00,http://twitter.com/download/android
289,archetya,"baru tau ternyata guru inggris gw punya personal grudge sama kelas gw, jadinya ga pernah ngajar ğŸ˜ƒğŸ’” https://t.co/ysW7IPnQYb",2022-09-14 04:31:49+00:00,http://twitter.com/download/android
290,tya_2017,@worksfess Jadi guru bahasa inggris di sekolah swasta,2022-09-14 04:30:27+00:00,http://twitter.com/download/android
291,TXTdariHunter,"Hunter! Guys sorryyyyyyy bangetttt oot, tapi aku mau nanya diantara kalian ada yg profesi nya guru bahasa inggris gak ya? klo ada tolong komen ya -terimakasih banyakkğŸ¤",2022-09-14 03:50:01+00:00,https://twitter.com/TXTdariHunter
292,zpt_ken,"@worksfess gaji pertama dari kerjaan pertama bantu guru les b.inggris bocil 56k (karna cuma nemenin supaya bisa ngajar, dari awal d bilang cuma d bayar ongkos karna seminggu 3x, dan 3 hari lainnya gue les d situ :v

gaji sekarang umr lah tapi bukan tenaga pendidik",2022-09-14 03:38:56+00:00,http://twitter.com/download/android
293,englishfess_,"Engask! guys i need help hehe, aku disuruh sama guru aku buat presentasi, topic/temanya bebas gitu. ada ide ga topik di bahasa inggris yang mudah dimengerti audience. TIA [tersenyum]",2022-09-14 03:27:34+00:00,http://itunes.apple.com/us/app/twitter/id409789998?mt=12
294,ditoraurus,"Pak jokowi kenapa nyari kepala atau kementrian itu g kyk nyari PNS? Padahal nyari PNS guru bahasa inggris aja harus bener"" lulusan S1 pendidikan bahasa inggris dan mempunyai akta mengajar lo..",2022-09-14 03:08:12+00:00,http://twitter.com/download/android
295,andy_laode,"@suseno212 @Bjorxanesian apaan dah, kaya begitu aja dikomplain. ente tuh kaya emak2 julid doang. 

yang biasa pake bahasa Inggris ngerti kok dia nulis apaan. ga usah sok2an kaya guru bahasa Inggris yang lagi pansos",2022-09-14 02:59:20+00:00,https://mobile.twitter.com
296,englishfess_,"engask! Ini udah tepat belum ? curhat dikit sender kerkom bahasa Inggris tapi ada org yg ga bantu bahkan dia ga peduli sama sekali soal tugas, jadi sender mau aduin ke guru ğŸ˜ https://t.co/V2tWqHd4sz",2022-09-14 02:55:08+00:00,http://itunes.apple.com/us/app/twitter/id409789998?mt=12
297,defeusl__,@Jokitugsfess Ke Mr. Wahyu aja kak @jockeyinaja dia guru inggris,2022-09-14 02:53:10+00:00,http://twitter.com/download/android
298,x1oneitgirl,"@Jokitugsfess i'll come to the rescue! ğŸ¥° yukk sama aku lulusan sastra inggris top 5 ptn + guru bimbel dijamin nilai baguss, fee tutor bhs inggris online 100k/1,5 jam all in (materi + modul + konsul)",2022-09-14 02:48:02+00:00,http://twitter.com/download/android
299,x1oneitgirl,"@jennosht i'll come to the rescue! ğŸ¥° yukk sama aku lulusan sastra inggris top 5 ptn + guru bimbel dijamin nilai baguss, PG start 2k/soal, short essay 4k/soal, long essay start 10k/soal",2022-09-14 02:39:48+00:00,http://twitter.com/download/android
300,akuanime_00,But guru bahasa inggris disini seru. Mungkin niatnya emang kaya ngelucu tp garing,2022-09-14 02:34:09+00:00,http://twitter.com/download/android
301,x1oneitgirl,"@Jokitugsfess i'll come to the rescue! ğŸ¥° yukk sama aku lulusan sastra inggris top 5 ptn + guru bimbel dijamin nilai baguss + suka banget nonton film ğŸ¥º , fee start 10k/soal",2022-09-14 02:21:06+00:00,http://twitter.com/download/android
302,lunaryskies,"Temanku jadi guru les bahasa Inggris. Kemarin aku kesana, murid-muridnya lucu banget nanyain aku baru dateng, ""Ibu yang ngajar kita hari ini, Bu?""

Antusias belajarnya keren bangetğŸ«¶ğŸ»",2022-09-14 02:16:54+00:00,http://twitter.com/download/iphone
303,hi_mmizu,Ketika guru bahasa Inggris memberikan tugas https://t.co/LGS6TJqadB,2022-09-14 01:49:07+00:00,http://twitter.com/download/android
304,user280908,guru inggris sintinf,2022-09-14 00:36:44+00:00,http://twitter.com/download/android
305,RNau17,"@BakorFess ìˆ˜ì—…ì—ì„œ ì˜ì–´ ì„ ìƒë‹˜ì´ ê¸°ë‹¤ë¦¬ëŠ”ìš”
; Lagi nunggu guru b.inggris dikelas
Bener ga si wkwk",2022-09-14 00:22:19+00:00,https://mobile.twitter.com
306,chuistopher,"Aku udah nyiapin sesuatu buat kamu di akhir acara ini. Semua wish aku, apapun yang aku mau omongin kamu ada disitu ya sayang.

Baca baik2 setiap kata2nya. Kalo gabisa inggris ya salam dah .g kan ada gugel translate? Katanya guru kamu mbah google haha",2022-09-14 00:17:47+00:00,http://twitter.com/download/android
307,GuruPrivatMaros,Butuh Guru Privat BAHASA INGGRIS ? Silahkan Hubungi GuruPrivatMaros Telp/WA : 085242353833 PIN BB : 55178187,2022-09-13 23:16:23+00:00,http://twittbot.net/
308,greacia13,"Cuma guru bahasa inggris 
Yang nanya 'how are you?'",2022-09-13 23:07:57+00:00,http://twitter.com/download/android
309,daydreamer96_,"@delismansyahput @abiridwan2173 Mungkin diknas gak ngasih solusi krn bisa juga belum ada sekolah lain yg kekurangan guru inggris. kalau dimutasi tetep percuma kalau gak ada yg kosong. Kalau mau mutasi di sd juga gak linier,krn gak ada mapel inggris. mesti kuliah lagi pgsd di UT. Tpi sertifikasi tetep bisa.",2022-09-13 16:53:06+00:00,http://twitter.com/download/android
310,jeonstaaarr,@tanyakanrl Waktu aku smp aku gak suka guru bahasa inggris selain pilih kasih tukang nyindir iuh ~ padahal aku suka bahasa inggris ini pas kelas 3 smp sih untung nilai ku masih aman :),2022-09-13 16:49:34+00:00,http://twitter.com/download/android
311,KTHL0VEB0T,malah ya gw dulu sempet lebih suka kimia sm eko dibanding inggris bayangin ğŸ˜ƒ padahal smp suka bgt inggris tp pas sma males nya ğŸ˜ƒ ya itu garaâ€ guru nya kea tai semua ngeselin tot,2022-09-13 15:42:06+00:00,http://twitter.com/download/iphone
312,rumput_ttngga,"Mana guru tiap ngasih tugas bergambar: ""ini digambar yaa. Kalian kan anak dekape harusnya sih pada biasa ngegambar"". à²¥â â€¿â à²¥ Kebayang cok ipas (2 guru), pkn, inggris, dan pastinya kejuruan,  jari+otak+punggung+lengan dipake ngide terooos https://t.co/GfMCkwUSjy",2022-09-13 15:08:07+00:00,http://twitter.com/download/android
313,miaochibana,"@Ari_Boyy SMP ngajar bhs. Inggris, SMA guru BKğŸ˜­ knp selalu ada Bu Sri ya wkwk https://t.co/6YKHuYPBls",2022-09-13 15:00:26+00:00,http://twitter.com/download/android
314,choierpan,"Gw yg sangat amat menjunjung tinggi nilai B Inggris pas kls 11 guru nya gitu jadi, aduh aduhh ğŸ« 

Enakan di ajar Pak Heru",2022-09-13 14:29:45+00:00,http://twitter.com/download/android
315,pppkguru,"@direktoridosen @Guru_CPNS @GuruPPPK @kkgpemda @PNS_Ababil @pnsdaerahjelata @PNS_Garis_Lucu @pejabrut @BetaEpsilonPhi Guru SD selesai karena melimpahkan lulusan Bahasa Inggris ke tingkat atas . ğŸ¤­

Mengadakan observasi di tingkat nepotisme prestis seperti sekolah berbahaya sih .
ğŸ¤­ğŸ¤­ğŸ‘€",2022-09-13 14:28:24+00:00,http://twitter.com/download/android
316,choierpan,"@tanyakanrl Maaf, tapi guru b Inggris sama indo, setiap masuk dan ngajar gw gk ngerti sama sekali apa yg dia ajarin. ğŸ™ğŸ»ğŸ˜”
Ngajar nya tuh berantakan gk beraturan, gk kaya guru lain nya, jadi bingung, materi gk masuk",2022-09-13 14:16:18+00:00,http://twitter.com/download/android
317,x1oneitgirl,"@googieposie i'll come to the rescue! ğŸ¥° yukk sama aku lulusan sastra inggris top 5 ptn + guru bimbel dijamin nilai baguss, PG start 2k/soal, short essay 4k/soal, long essay start 10k/soal",2022-09-13 14:12:40+00:00,http://twitter.com/download/android
318,anotherlikaaaa,"guru inggris ak sering nanya "" How are you today???"" Aku jawabnya ""fine miss"" dahal hari hari ak spt tai kucing",2022-09-13 13:36:41+00:00,http://twitter.com/download/android
319,ADailami_ID,"@imazkyo @pandji Kasian guru bahasa inggris, sok2an make bahasa inggris.",2022-09-13 12:33:45+00:00,https://mobile.twitter.com
320,exogrlluvz,"@englishfess_ sorry oot, ada yg profesi nya guru Inggris gak ya?ğŸ™ğŸ»",2022-09-13 12:28:39+00:00,http://twitter.com/download/android
321,dimaass_121,"Tidak ada yang benar"" peduli dengan keadaan mu kecuali guru bahasa Inggris mu yang selalu bilang ""how are you to day?""",2022-09-13 12:06:58+00:00,http://twitter.com/download/android
322,MatchaaaLatt3,"@subschfess Guru B. Inggris
Guru B. Indonesia
Guru Sejarah",2022-09-13 12:06:02+00:00,http://twitter.com/download/android
323,NgebutMautC84,"Fenomena ini muncul diatas tahun 2010 min, kalo dulu sih dibwh 2010 kalo ada ortu spt itu malah jadi bahan gunjingan wali murid lain &amp; guru. Gw dulu pernah ngajar bahasa Inggris SD u/ kelas 6 &amp; kelas 1 saat masih kuliah dulu (dibayar hy 200rb/blnğŸ˜¢ th 2001) https://t.co/1o0VAw9rEA",2022-09-13 11:57:24+00:00,https://mobile.twitter.com
324,x1oneitgirl,"@simjeakey i'll come to the rescue! ğŸ¥° yukk sama aku lulusan sastra inggris top 5 ptn + guru bimbel dijamin nilai baguss, PG/short answer start 2k/soal, short essay 4k/soal, long essay start 10k/soal",2022-09-13 11:45:48+00:00,http://twitter.com/download/android
325,angelinadeaid,"@bukanbuzzerRp @udahhlewat Saya translator, proofreader, dan guru private Bahasa Inggris berbasis Cambridge Curriculum kak ğŸ˜€",2022-09-13 11:12:48+00:00,https://mobile.twitter.com
326,shownuya,"Setelah gue inget. Bahasa yg gue pernah pelajari/dapet pelajarannya selain B. Inggris adalah: spanyol, jerman, jepang, mandarin 

Dari semuanya, paling gampang Spanyol. Agak masih bisa dikejar Jepang. Jerman sm Mandarin aku agak tolil, untung guru &amp; dosennya baik ğŸ™ğŸ»",2022-09-13 11:10:01+00:00,http://twitter.com/download/android
327,urbigg3stf4n,gua nyontek pas mapel inggris yg jaga guru ekonomi ketauan dikiranya ekonomi gua jg nyontek babi anjeng ngentot dikira semua mapelgua bakal nyontek kali asu,2022-09-13 09:59:56+00:00,http://twitter.com/download/iphone
328,benuaandin,@Arkobumen @MurtadhaOne1 Jdi guru bimbel bahasa inggris,2022-09-13 09:41:03+00:00,http://twitter.com/download/android
329,x1oneitgirl,"@duhpoetry i'll come to the rescue! ğŸ¥° yukk sama aku lulusan sastra inggris top 5 ptn + guru bimbel dijamin nilai baguss, PG/short answer start 2k/soal, short essay 4k/soal, long essay start 10k/soal",2022-09-13 09:33:54+00:00,http://twitter.com/download/android
330,yasyfienly,"Aku pengen jadi guru bahasa Inggris karena itu cita cita ku dari kecil pengen jadi guru dan mencerdaskan generasi bangsa Indonesia, pengen jadi guru agama supaya bermanfaat dunia akhirat, pengen jadi pengusaha sukses supaya bisa membuat lapangan pekerjaan
sekarang aku lagi bingun",2022-09-13 09:18:26+00:00,http://twitter.com/download/android
331,ddonutboy,"woow, ternyata guru lab bahasa inggris gw teume",2022-09-13 08:55:53+00:00,http://twitter.com/download/android
332,ilypacarku,guru sastra inggris ğŸ˜ğŸ¤©ğŸ˜˜ğŸ¤ŸğŸ»ğŸ˜‹ğŸ«¶ğŸ»ğŸ’‹ğŸ¥°ğŸ¥°ğŸ¥°,2022-09-13 08:36:55+00:00,http://twitter.com/download/android
333,fathiyahfikri,"@bene_dion @danieldokter Coba tanya bapak bang, kan guru bahasa InggrisğŸ¤£ğŸ¤£ğŸ¤£",2022-09-13 08:19:49+00:00,http://twitter.com/download/android
334,RhythmOfBenz,"@ArSunantoaris @AzisDadun_ Iya, gua dapet 1 buku, trus malah diminta guru bahasa inggris SMP buat diajarin ke temen"" lain ğŸ˜€",2022-09-13 08:18:51+00:00,http://twitter.com/download/android
335,IchalAfrizal8,Double les B.Inggris sama B.Jawa dengan guru les yg beda dan waktu yg beda membuatku senang :),2022-09-13 08:05:51+00:00,http://twitter.com/download/android
336,BudakGarut__,@Dee_01984 @ResNgawi Pernah pas SMP satu kelas dapat alpa dari guru bahasa Inggris ğŸ¤£ğŸ¤£,2022-09-13 08:05:19+00:00,http://twitter.com/download/android
337,daydreamer96_,"@delismansyahput @abiridwan2173 Biasanya bukannya bisa mengampu di sekolah lain yg guru bhs inggris kurang, ibuku dulu jg gitu sertifikasi harus 24jam ngajar krn kurang alhasil ngampu di smp sebelah bisa banget.",2022-09-13 07:27:50+00:00,http://twitter.com/download/android
338,kerasnyalyfe,pengalaman karir guru inggris ku selama 2 taun berasa sia2 baca si mbak ini ngobrak ngabrik grammar bjorka https://t.co/8gKg51EjkN,2022-09-13 07:26:28+00:00,https://mobile.twitter.com
339,Malikyuuun08,"Ngajar b.indo, soalnya klo guru b.inggris namanya bu draw https://t.co/dwT8BKhthK",2022-09-13 06:58:09+00:00,http://twitter.com/download/android
340,defeusl__,@Jokitugsfess Ini kak @jockeyinaja guru bhs inggris semoga cocok ğŸ’‹,2022-09-13 05:44:21+00:00,http://twitter.com/download/android
341,haejiangel,"aku: mr doain saya yaa biar saya keterima di OSIS
guruu akuu: ah gamau, nanti kamu kalau keterima, nilai kamu turun, terus nanti keluar kelas terus
aku: nggaa dongg, kan nanti di OSIS saya bisa ningkatin bahasa Inggris sayaaa
guru: bener ya? janji
aku: iyaa janji",2022-09-13 05:24:43+00:00,http://twitter.com/download/android
342,razadefrial,@idextratime pelatih prodak inggris biasalah cem guru penjas,2022-09-13 04:53:17+00:00,http://twitter.com/download/android
343,x1oneitgirl,"@condlom i'll come to the rescue! ğŸ¥° yukk sama aku lulusan sastra inggris top 5 ptn + guru bimbel dijamin nilai baguss, PG/short answer start 2k/soal, short essay 4k/soal, long essay start 10k/soal",2022-09-13 04:48:53+00:00,http://twitter.com/download/android
344,depeuhria,@Jokitugsfess Aku saranin ke @jockeyinaja dia spesnya + guru bahasa inggris,2022-09-13 04:31:22+00:00,http://twitter.com/download/android
345,tjkeshi,"jujur ketimbang ngelamar jadi guru bimbel bahasa inggris gue mungkin lebih disebut jadi guru agama kristen, ini gimana ya biar muka gue ada islami nya sedikit",2022-09-13 04:26:34+00:00,http://twitter.com/download/iphone
346,x1oneitgirl,"@Jokitugsfess i'll come to the rescue! ğŸ¥° yukk sama aku lulusan sastra inggris top 5 ptn + guru bimbel dijamin nilai baguss, PG/short answer start 2k/soal, short essay 4k/soal, long essay start 10k/soal",2022-09-13 04:23:46+00:00,http://twitter.com/download/android
347,GuruPrivatMaros,Butuh Guru Privat BAHASA INGGRIS ? Silahkan Hubungi GuruPrivatMaros Telp/WA : 085242353833 PIN BB : 55178187,2022-09-13 03:16:23+00:00,http://twittbot.net/
348,x1oneitgirl,"@aisyahhhhsfns i'll come to the rescue! ğŸ¥° yukk sama aku lulusan sastra inggris top 5 ptn + guru bimbel dijamin nilai baguss, suka banget sama sejarah juga, PG/short answer start 2k/soal, short essay 4k/soal, long essay start 10k/soal",2022-09-13 03:11:39+00:00,http://twitter.com/download/android
349,tanyakanrl,ğŸ’š halooo disini ada yg jadi guru bahasa Inggris di sekolah? boleh ketuk dmnya ga? terima kasih ğŸ’—,2022-09-13 03:10:00+00:00,http://itunes.apple.com/us/app/twitter/id409789998?mt=12
350,x1oneitgirl,"@kenmabusiness i'll come to the rescue! ğŸ¥° yukk sama aku lulusan sastra inggris top 5 ptn + guru bimbel dijamin nilai baguss, PG/short answer start 2k/soal, short essay 4k/soal, long essay start 10k/soal",2022-09-13 02:37:59+00:00,http://twitter.com/download/android
351,delismansyahput,@abiridwan2173 Saya guru bahasa inggris yang lulus P3K 2021. d sekolah dimana saya lulus sudah ada guru PNS bahasa inggris yang sudah sertifikasi. Dan saya juga sudah sertifikasi. Sementara Sekolah itu rombelnya cuma 3 kelas. Alhasil saya diberikan jam mengajar tdk sesuai SK.,2022-09-13 02:34:08+00:00,http://twitter.com/download/android
352,real__rizaa,@abiridwan2173 Semoga guru yang PG khususnya mapel bahasa inggris dibatam dapat formasi dan ditempatkan semua ya Allah dan semoga kami segera dapat SK ğŸ˜¥ğŸ¤²,2022-09-13 02:30:11+00:00,http://twitter.com/download/android
353,x1oneitgirl,"@pipinyairene i'll come to the rescue! ğŸ¥° yukk sama aku lulusan sastra inggris top 5 ptn + guru bimbel dijamin nilai baguss, feenya tergantung tugasnya kaya gimana ya kak, coba dm detailnya",2022-09-13 02:13:43+00:00,http://twitter.com/download/android
354,minjeon_noora,"@worksfess Ngelamar jadi guru aja nder atau jadi guru les, selain sejarah keahlian kamu apalagi, bisa bahasa Inggris ga? Matematika dasar gitu bisa? Kalau bisa kamu bisa ngajar lebih dari satu matpel, lumayan, coba aja ngelamar ke ruangguru, quipper, gitu2 gapapa freelancer dulu.",2022-09-13 02:00:34+00:00,http://twitter.com/download/android
355,Ronnie_Rusli,"Ucapan guru sekolah adalah cambuk untuk meperbaiki diri bukan menghina.

Akibatbya skrg menjadi ""Reviewer"" buat publikasi ilmiah dlm bahasa Inggris negara2 mana saja didunia yg mau mempublikasi hasil penelitian ilmiahnya di jurnal ilmiah internasional rating paling tingi di dunia",2022-09-13 01:54:57+00:00,https://mobile.twitter.com
356,Ronnie_Rusli,"Saya wkt SMA oleh guru bahasa inggris (org Maluku) ddlm kelas, kepala saya dijitak pakai penghapus papan tulis bagian yg empuk krn engga bs mengucapkan kaimat bahasa inggris dng benar, gurunya berkata kpd saya ""Dari muka saja bisa liat muka anak bodo"" Saya gak lupa oleh krn ituğŸ¤£",2022-09-13 01:49:43+00:00,https://mobile.twitter.com
357,hhhhlfm,That's what i thoughtğŸ¤£ bahasanya Bjorka tuh org Indo bgt. Bahasa Indo yg di-Inggris-in bgt kalo kata guru jaman sekolah wkwkwk. One thing for sure sih bukan native English speaker kayanya https://t.co/ekAV9YTR31,2022-09-13 01:48:37+00:00,http://twitter.com/download/android
358,_lepecheur_,"@BukanVerdi @angelinadeaid Nope. Guru bahasa Polandiaku orang Polandia asli. Memang bisa bahasa Inggris, tapi gak terlalu fluent since bahasa yg dipake di sana pake Polish. Hal ini jg banyak terjadi di Eropa Timur kok karena aku jg punya bbrp temen dari sana. Pernyataann ini ga valid hehe.",2022-09-13 01:22:55+00:00,http://twitter.com/download/android
359,AzhraAtira,mana pink banget lagi kaya guru bhsaa Inggris ku https://t.co/oKMNeyjj7h,2022-09-13 00:25:25+00:00,http://twitter.com/download/android
360,delismansyahput,@abiridwan2173 Tdk bisa pindah?  Saya guru bahasa inggris yang lulus P3K 2021. d sekolah dimana saya lulus sudah ada guru PNS bahasa inggris yang sudah sertifikasi. Dan saya juga sudah sertifikasi. Sementara Sekolah itu rombelnya cuma 3 kelas. Alhasil saya diberikan jam mengajar tdk sesuai SK.,2022-09-13 00:11:07+00:00,http://twitter.com/download/android
361,Yanuara90598160,"@Cici86472732 Baru nyampek Bu guru, emang ya Bu guru MTK/B. Inggris &amp; B. Indonesia cantikÂ² yang mengajar khususnya kayak Bu guru nih cantik.",2022-09-12 23:40:59+00:00,http://twitter.com/download/android
362,redikabrian,"dulu, 
cuma guru b.inggris doang 
yang nanya ""how are you today?""",2022-09-12 23:12:47+00:00,http://twitter.com/download/iphone
363,alvito_nasution,@angelinadeaid Guru bahasa Inggris di SD Negri pun bisa tau kalo Englishnya si Bjorka ini rasa ketoprak alias Indonesia banget. Bukan begitu bun @KamusKecil01 ???,2022-09-12 20:37:00+00:00,http://twitter.com/download/android
364,ourprettystuffs,"Yohanes Pongpabia merupakan guru Bahasa Inggris di SMPN 1 Kimak Ilaga. Ia berkisah sejak 2020 hingga 2022, saat kelompok bersenjata melakukan penyerangan, ia dan beberapa rekan guru lainnya masih memilih bertahan untuk mengajar para siswa. https://t.co/AeDgm1zQHL",2022-09-12 16:40:01+00:00,http://twitter.com/download/android
365,cec3ee,"""how are you today"" ucap guru bahasa Inggris",2022-09-12 15:43:26+00:00,http://twitter.com/download/android
366,Ngab_Bob,"Dipikir pikir cuman guru bahasa Inggris yang pernah nanyain ""how are you today?""",2022-09-12 14:24:41+00:00,http://twitter.com/download/android
367,avgdrjc,Perlu guru les bahasa Inggris atau supir gak https://t.co/XlHvwhjN6r,2022-09-12 14:22:54+00:00,http://twitter.com/download/android
368,zidanlaper,"seumur umur kayanya cuma guru bahasa inggris yg pernah nanya ""how are you today?""",2022-09-12 14:11:57+00:00,http://twitter.com/download/android
369,sebuahbadut,"jadi keinget pas SMP guru bahasa Inggris gw ngasih lagu pumped up kicks untuk materi listening lirik sama translasi lirik ğŸ˜­ğŸ’€

Terus ada dimana tuh lagu dinyanyiin sekelasan ğŸ’€",2022-09-12 14:11:21+00:00,http://twitter.com/download/android
370,x1oneitgirl,"@Jokitugsfess i'll come to the rescue! ğŸ¥° yukk sama aku lulusan sastra inggris top 5 ptn + guru bimbel dijamin nilai baguss, PG/short answer start 2k/soal, short essay 4k/soal, long essay start 10k/soal",2022-09-12 13:35:02+00:00,http://twitter.com/download/android
371,__Bungs,Bionya beralamat di polandia lalu posting status seperti guru bahasa inggris kadang pakai bahasa indonesia dan dianggap pahlawan oleh kelompok kadal ğŸ¤£,2022-09-12 13:27:47+00:00,http://twitter.com/download/iphone
372,ndnraaaa,baru pertama kali dipuji guru inggrisğŸ™ğŸ» https://t.co/rU4m5N9rqI,2022-09-12 13:23:23+00:00,http://twitter.com/download/iphone
373,_xykshaaz,"B.inggris, ipa, mtk juga *tapi giaman guru sih w te er https://t.co/wa7VF16u0L",2022-09-12 13:07:28+00:00,http://twitter.com/download/android
374,Itsbataraa,"@wimnteor Wkwkwkwk kasian atuh adenya, cuma guru bhsa Inggris yg selalu nanya gimana harinya ğŸ˜¥ğŸ˜¥",2022-09-12 13:05:28+00:00,http://twitter.com/download/android
375,x1oneitgirl,"@Jokitugsfess i'll come to the rescue! ğŸ¥° yukk sama aku lulusan sastra inggris top 5 ptn + guru bimbel dijamin nilai baguss, PG/short answer start 2k/soal, short essay 4k/soal, long essay start 10k/soal",2022-09-12 12:36:11+00:00,http://twitter.com/download/android
376,tonysIark,Gue mencari guru bahasa Inggris,2022-09-12 12:22:32+00:00,http://twitter.com/download/android
377,tonysIark,Weh jawab sapa di sini yang guru bahasa inggris,2022-09-12 12:19:52+00:00,http://twitter.com/download/android
378,pawangpnda,@kukikeiki Gw udh pernah cerita blm sih emak gw dulu guru bahasa inggris tk,2022-09-12 11:46:06+00:00,http://twitter.com/download/android
379,addittamma,"Rispek bgt ga si sama guru basa inggris, biar cuma formalitas etlis pernah nanya how r u today",2022-09-12 11:23:28+00:00,http://twitter.com/download/iphone
380,mansaereul,"@natanattda Butuh guru les inggris juga gak,,,,,",2022-09-12 10:45:45+00:00,http://twitter.com/download/android
381,sunarinter,@tanyakanrl prnah sama guru bhs inggrisğŸ¤ ,2022-09-12 10:29:52+00:00,http://twitter.com/download/android
382,Circusclownnnn,"Sampai sekarang, selain guru bahasa inggris nggak pernah ada lagi yang nanya gini. â€œHow are you todayâ€",2022-09-12 10:07:44+00:00,http://twitter.com/download/android
383,YanuarAhmadFau1,Seumur-umur kayanya cuman guru bahasa Inggris yang pernah nanya â€œhow are you today?â€,2022-09-12 09:55:18+00:00,http://twitter.com/download/iphone
384,kaxxsy,hari ini guru b Inggris sangatlah awikwok ğŸ˜€ğŸ˜€ğŸ˜€,2022-09-12 09:13:35+00:00,http://twitter.com/download/android
385,bennysiauw89,"Kemarin ini sempat coba latian listening dgn nonton satu series tanpa subtitle English. Ngerasa fail banget karena jadinya cuma ngerti 60% cerita.

Pas akhirnya ngobrol sama temen yang guru Inggris, justru dikasitau bisa jd masalah suara dari series &amp; banyak hal lainnya.",2022-09-12 07:27:00+00:00,http://twitter.com/download/android
386,GuruPrivatMaros,Butuh Guru Privat BAHASA INGGRIS ? Silahkan Hubungi GuruPrivatMaros Telp/WA : 085242353833 PIN BB : 55178187,2022-09-12 07:16:18+00:00,http://twittbot.net/
387,taxzzzy,Baru masuk kelas langsung cemberut dasar guru bhs.inggris,2022-09-12 07:15:13+00:00,http://twitter.com/download/android
388,convomf,ğŸ’™ waktu itu ada tugas speaking dan sender satu satunya yang bener dan lancar dikelas. Tapi yakali cuma karena itu langsung disuruh ikut lomba debat inggris? ya allah allahurobbi ğŸ˜­ guru english gweh gajelas. Aph dia tidak tau ak aj bermodalkan gugle translate ğŸ˜­ğŸ˜­ğŸ˜­ğŸ˜­ğŸ˜­ğŸ˜­ğŸ˜­,2022-09-12 07:00:53+00:00,https://twitter.com/munconvo
389,ChocoMilk5523,Guru inggris nerangin agama trus itu ngebahas sifat setan,2022-09-12 06:28:36+00:00,http://twitter.com/download/android
390,LibrariBooks,"harus â€‹dibimbing oleh â€‹seorang guru. â€‹ Disamping itu, â€‹karena dilengkapi â€‹dengan percakapan â€‹yang menunjang â€‹pemahaman tata â€‹bahasa tersebut, â€‹pembaca akan â€‹menemukan bahwa â€‹buku ini menunjangâ€‹ penguasaan bahasa â€‹Inggris secara â€‹praktis. https://t.co/gszde5ktrd",2022-09-12 05:57:08+00:00,https://mobile.twitter.com
391,LibrariBooks,Buku ini â€‹sangat membantu â€‹pembaca dalam â€‹mempelajari tata â€‹bahasa Inggris â€‹dalam waktu yang â€‹relatif singkat â€‹tanpa harus â€‹dibimbing oleh â€‹seorang guru.,2022-09-12 05:56:22+00:00,https://getchirrapp.com
392,danieellgf,"dialog b inggris sm guru lancar, giliran ketemu bule asli langsung aoao",2022-09-12 05:45:00+00:00,http://twitter.com/download/android
393,hiYano,@otongkoil Wow bisaan maneh. Guru bahasa inggris eta,2022-09-12 05:34:43+00:00,http://twitter.com/download/iphone
394,rniraecle,kevin km harusnya dpt bayaran lebih tau sbg guru les bahasa inggris,2022-09-12 05:22:28+00:00,http://twitter.com/download/android
395,_plunt,kaget gw ketemu guru bahasa Inggris gw di SMPğŸ˜­ğŸ¤ğŸ» mw nyapa tdi seganğŸ˜­ğŸ¤ğŸ»,2022-09-12 04:32:23+00:00,http://twitter.com/download/android
396,castlesungg,@tanyakanrl Ketawa banget anjirrğŸ¤£ pentingnya dengerin guru bhs inggris kalo lagi ngejalasin,2022-09-12 03:41:06+00:00,http://twitter.com/download/android
397,tutuptitip,@mukaiklas seumur-umur kayanya cuma guru bahasa inggris yang hobinya melahirkan teros..,2022-09-12 03:39:46+00:00,https://mobile.twitter.com
398,x1oneitgirl,"@busifess i'll come to the rescue! ğŸ¥° yukk sama aku lulusan sastra inggris top 5 ptn + guru bimbel dijamin nilai baguss, PG/short answer start 2k/soal, short essay 4k/soal, long essay start 10k/soal",2022-09-12 03:14:24+00:00,http://twitter.com/download/android
399,mas2semestertua,"@collegemenfess minat, especially guru bahasa inggris atau ips/sejarah
klo terlepas masalah gaji yağŸ˜",2022-09-12 02:54:37+00:00,http://twitter.com/download/android
